Workbook
Name Area: PERSONAL!$L$3:$L$16
Name AreadeLockers: #REF!
Name DOTACION: #REF!
Name LOCKERT: #REF!
Name LOCKERT: #REF!
Name PERSONAL: PERSONAL!$J$3:$J$79
Name Talla: PERSONAL!$M$3:$M$9

Sheet ASIGNACIONES
A1: ID asignaciones | B1: Codigo de Dotacion | C1: Fecha de Entrega | D1: Operario | E1: Codigo de Lockets | F1: identificacion | G1: Codigo de Seca Botas | H1: Area | I1: Talla de Operarios | J1: Talla de dotacion asignada | K1: Area de Lockers | L1: Observaciones | M1: Imagen
F2: {=IFERROR(VLOOKUP($D2:$D864,PERSONAL!B:E,2,0),"")} | H2: {=IFERROR(VLOOKUP($D2:$D864,PERSONAL!B:F,3,0),"")} | I2: {=IFERROR(VLOOKUP($D2:$D864,PERSONAL!$B:$E,4,0),"")} | J2: {=IFERROR(VLOOKUP($B2:B864,DOTACIONES!$B:$E,3,0),"")} | K2: {=IFERROR(VLOOKUP($D2:$D864,PERSONAL!B:F,5,0),"")} | M2: {=IFERROR(VLOOKUP($D2:$D864,PERSONAL!B:G,6,0),"")}
A4: 12aafa9f | B4: 003 | C4: 44823 | D4: RIVERA COLMENARES JHON NEIDER | E4: 4 | F4: 1066093880 | G4: 1 PCC | H4: PCC | I4: S | J4: S | K4: VESTIDOR HOMBRES | M4: 0
A5: 12aafa9f | B5: 006 | C5: 44823 | D5: BARAJAS APARICIO FIDEL | E5: 4 | F5: 91223001 | G5: 1 LN | H5: LN | I5: M | J5: M | K5: VESTIDOR HOMBRES | M5: 0
A6: 12aafa9f | B6: 009 | C6: 44823 | D6: CORTES NINO YENSON ERNESTO | E6: 3 | F6: 91466133 | G6: 2 LN | H6: LN | I6: L | J6: L | K6: VESTIDOR HOMBRES | M6: 0
A7: 12aafa9f | B7: 013 | C7: 44823 | D7: PABON ARAQUE OCTAVIO | E7: 2 | F7: 91506805 | G7: 2 PCC | H7: PCC | I7: L | J7: L | K7: VESTIDOR HOMBRES | M7: 0
A8: b8b14227 | B8: 015 | C8: 44823 | D8: TOLOZA JAIMES CLEIVER ERMIDES | E8: 2 | F8: 1098700274 | G8: 5 LN | H8: LN | I8: M | J8: M | K8: VESTIDOR HOMBRES | M8: 0
A9: 12aafa9f | B9: 019 | C9: 44823 | D9: ROBLES BELEÑO RONALDO | E9: 8 | F9: 1098805526 | G9: 7 LN | H9: LN | I9: XL | J9: XL | K9: VESTIDOR HOMBRES | M9: 0
A11: f189684a | B11: 022 | C11: 44823 | D11: SUAREZ JAIMES ALBERTO | E11: 7 | F11: 91452758 | G11: 8 LN | H11: LN | I11: S | J11: S | K11: VESTIDOR HOMBRES | M11: 0
A12: 12aafa9f | B12: 025 | C12: 44823 | D12: CAMACHO DIAZ DIEGO | E12: 6 | F12: 1095813788 | G12: 9 LN | H12: LN | I12: M | J12: M | K12: VESTIDOR HOMBRES | M12: 0
A13: 12aafa9f | B13: 029 | C13: 44823 | D13: AFANADOR PINEDA NELSON | E13: 14 | F13: 1102368534 | G13: 10 LN | H13: LN | I13: S | J13: S | K13: VESTIDOR HOMBRES | M13: 0
A15: 12aafa9f | B15: 038 | C15: 44823 | D15: REYES SISA VICTOR ALFONSO | E15: 41 | F15: 1098741455 | G15: 3 PCC | H15: PCC | I15: L | J15: L | K15: VESTIDOR HOMBRES | M15: 0
A17: c471b06a | B17: 044 | C17: 44823 | D17: BAUTISTA CRUZ JOSE DANIEL | E17: 1 | F17: 1090520256 | G17: 6 LYD | H17: LYD | I17: M | J17: M | K17: VESTIDOR HOMBRES | M17: 0
A18: 9bf1ecfd | B18: 047 | C18: 44823 | D18: AMADOR SUAN SIXTO | E18: 13 | F18: 91258301 | G18: 7 PCC | H18: PCC | I18: M | J18: M | K18: VESTIDOR HOMBRES | M18: 0
A19: 7648d8e2 | B19: 049 | C19: 44823 | D19: GUERRERO RAMOS LUIS DAVID | E19: 20 | F19: 1098770376 | G19: 9 PCC | H19: PCC | I19: L | J19: L | K19: VESTIDOR HOMBRES | M19: 0
A21: e31b802a | B21: 054 | C21: 44823 | D21: PEREZ ZORRILLA ELVER ANDRES | E21: 9 | F21: 1102375619 | G21: 2 ADM | H21: CAL | I21: XL | J21: XL | K21: ADMINISTRACION | M21: 0
A22: 12aafa9f | B22: 055 | C22: 44823 | D22: CORREA MANRIQUE LEONARDO | E22: 5 | F22: 1100891753 | G22: 7 LYD | H22: LYD | I22: L | J22: L | K22: VESTIDOR HOMBRES | M22: 0
A23: 12aafa9f | B23: 058 | C23: 44823 | D23: CARDENAS CAICEDO URIEL | E23: 19 | F23: 13748778 | G23: 14 LN | H23: LN | I23: M | J23: M | K23: VESTIDOR HOMBRES | M23: 0
... A32: 199f3bba | B32: 078 | C32: 44823 | D32: IBARRA MOLINA JEAN CARLOS | E32: 25 | F32: 1100976668 | G32: 19 LN | H32: LN | I32: M | J32: M | K32: VESTIDOR HOMBRES | M32: 0
A33: e7d3d6ec | B33: 079 | C33: 44823 | D33: DERIVADOS CARNICOS | E33: 1 | F33: N/A | H33: EXT | I33: M | J33: M | K33: VESTIDOR HOMBRES | M33: 0
A34: 12aafa9f | B34: 083 | C34: 44823 | D34: PACHECO MANRIQUE ANDRES FELIPE | E34: 30 | F34: 1005346356 | G34: 22 LN | H34: LN | I34: M | J34: M | K34: VESTIDOR HOMBRES | M34: 0
A37: 12aafa9f | B37: 088 | C37: 44823 | D37: SANCHEZ RODRIGUEZ EUDY JOSE | E37: 11 | F37: 8123448070 | G37: 4 LOG | H37: LOG | I37: L | J37: L | K37: VESTIDOR HOMBRES | M37: 0
A38: dd723b86 | B38: 090 | C38: 44823 | D38: CANCINO WILMAR JAVIER | E38: 21 | F38: 91347680 | G38: 23 LN | H38: LN | I38: XL | J38: XL | K38: VESTIDOR HOMBRES | M38: 0
A39: 1127947335 | B39: 096 | C39: 44823 | D39: RAMIREZ VARGAS OLINTO | E39: 34 | F39: 91176452 | G39: 24 LN | H39: LN | I39: L | J39: L | K39: VESTIDOR HOMBRES | M39: 0
A40: 12aafa9f | B40: 102 | C40: 44823 | D40: RUBIANO LEMUS YUDY ANDREA | E40: 16 | F40: 63560912 | G40: 3 MUJ | H40: CAL | I40: M | J40: M | K40: VESTIDOR MUJERES | M40: 0
A41: 12aafa9f | B41: 104 | C41: 44823 | D41: ARDILA SALAS EDWARD ALEXANDER | E41: 18 | F41: 1098645575 | G41: 9 LYD | H41: LYD | I41: L | J41: L | K41: VESTIDOR HOMBRES | M41: 0
A42: b0e3b29a | B42: 110 | C42: 44823 | D42: MANTILLA DELGADO LUIS ERNESTO | E42: 33 | F42: 91510509 | G42: 27 LN | H42: LN | I42: M | J42: M | K42: VESTIDOR HOMBRES | M42: 0
A43: 12aafa9f | B43: 116 | C43: 44823 | D43: SANDOVAL SUAREZ ELIANA YUDDYT | E43: 1 | F43: 37729142 | G43: 4 MUJ | H43: PCC | I43: M | J43: M | K43: VESTIDOR MUJERES | M43: 0
A44: 12aafa9f | B44: 117 | C44: 44823 | D44: LOPEZ JAIMES LEONARDO FABIO | E44: 28 | F44: 1097304486 | G44: 15 PCC | H44: PCC | I44: XL | J44: XL | K44: VESTIDOR HOMBRES | M44: 0
A45: 95db2cd4 | B45: 122 | C45: 44823 | D45: RINCON TORRES JAVIER ENRIQUE | E45: 29 | F45: 91185275 | G45: 16 PCC | H45: PCC | I45: XXL | J45: XXL | K45: VESTIDOR HOMBRES | M45: 0
A46: 12aafa9f | B46: 125 | C46: 44823 | D46: ESTUPIÑAN VELANDIA PEDRO FELIPE | E46: 19 | F46: 1104184702 | G46: 6 ADM | H46: CAL | I46: XXL | J46: XXL | K46: ADMINISTRACION | M46: 0
A47: 12aafa9f | B47: 130 | C47: 44823 | D47: GOMEZ GRATEROL JORGE ANDRES | E47: 14 | F47: 1140417725 | G47: 5 PCC | H47: PCC | I47: S | J47: M | K47: VESTIDOR HOMBRES | M47: 0
... A59: d1f6da20 | B59: 173 | C59: 44823 | D59: VERA BUITRAGO EDISON DAYAN | E59: 34 | F59: 91533211 | G59: 21 PCC | H59: PCC | I59: L | J59: L | K59: VESTIDOR HOMBRES | M59: 0
A61: f60a167b | B61: 214 | C61: 44823 | D61: DERIVADOS CARNICOS EDWIN ORDUZ | E61: 2 | F61: N/A | H61: EXT | I61: L | J61: L | K61: VESTIDOR HOMBRES | M61: 0
A62: 7a37178e | B62: 219 | C62: 44823 | D62: ASURCARNES BRAYAN HERRERA | E62: 3 | F62: N/A | G62: 13 ADM | H62: ASUR | I62: L | J62: L | K62: ADMINISTRACION | M62: 0
A63: 12aafa9f | B63: 228 | C63: 44823 | D63: AGON PEDRAZA JAIRO FABIAN | E63: 54 | F63: 1007679366 | G63: 25 PCC | H63: PCC | I63: M | J63: M | K63: VESTIDOR HOMBRES | M63: 0
A64: 12aafa9f | C64: 44823 | D64: OLIVERA FLORES JOSE GABRIEL | E64: 44 | F64: 72342162 | G64: 26 PCC | H64: PCC | I64: L | K64: VESTIDOR HOMBRES | M64: 0
A65: 6fc52de5 | B65: 233 | C65: 44823 | D65: CABALLERO MOTTA ELIAS | E65: 48 | F65: 5684958 | G65: 27 PCC | H65: PCC | I65: L | J65: L | K65: VESTIDOR HOMBRES | M65: 0
A66: 55c4d4cf | B66: 249 | C66: 44823 | D66: BETANCOURT AGUDELO LUZ JASMIN | E66: 9 | F66: 37557088 | G66: 9 MUJ | H66: PCC | I66: XL | J66: L | K66: VESTIDOR MUJERES | M66: 0
A67: 12aafa9f | B67: N/A | C67: 44823 | D67: MANTENIMIENTO | E67: 26 | F67: N/A | G67: 14 ADM | H67: MTTO | I67: S-M-L-XL | K67: ADMINISTRACION | M67: 0
A68: 25fcf1c9 | B68: 001 | C68: 44823 | D68: ORDUZ SOLANO MARLON ALEXIS | E68: 18 | F68: 1098743062 | G68: 15 ADM | H68: ADM | I68: L | J68: M | K68: ADMINISTRACION | M68: 0
A69: d3c82d34 | B69: N/A | C69: 44823 | D69: TRANSCARNES | E69: 4 | F69: N/A | H69: EXT | I69: N/A | K69: VESTIDOR HOMBRES | M69: 0
A70: 7fa1486c | B70: N/A | C70: 44823 | D70: TRANSCARNES | E70: 5 | F70: N/A | H70: EXT | I70: N/A | K70: VESTIDOR HOMBRES | M70: 0
A72: d94129b8 | B72: 153 | C72: 44868 | D72: CONTRERAS ROSALES JUAN CARLOS | E72: 64 | F72: 6151228 | G72: 39 LN | H72: LN | I72: M | J72: M | K72: VESTIDOR HOMBRES | M72: 0
A73: 6e8c0b9b | B73: 198 | C73: 44896 | D73: CALDERON ANTON SNEIDER JOSE | E73: 45 | F73: 5297986 | G73: 31 PCC | H73: PCC | I73: M | J73: M | K73: VESTIDOR HOMBRES | M73: 0
A74: 7d8de974 | B74: 028 | C74: 44901 | D74: GARCIA LINARES FREILEM BRANYAN | E74: 18 | F74: 5717879 | G74: 13 LOG | H74: LOG | I74: M | J74: M | K74: VESTIDOR HOMBRES | M74: 0
A75: 12aafa9f | B75: 151 | C75: 44904 | D75: ORTIZ RUIZ WILLINTON | E75: 56 | F75: 1234338572 | G75: 32 PCC | H75: PCC | I75: L | J75: M | K75: VESTIDOR HOMBRES | M75: 0
A76: 74f119a4 | B76: 127 | C76: 44938 | D76: ESPITIA LANDAZABAL JAHIR FABIAN | E76: 1 | F76: 1098782929 | G76: 33 PCC | H76: PCC | I76: L | J76: L | K76: VESTIDOR HOMBRES | M76: 0
A78: 12aafa9f | C78: 44972 | D78: AGUILAR SAAVEDRA LUIS DAVID | E78: 1 | F78: 1095907137 | G78: 40 LN | H78: LN | I78: M | K78: VESTIDOR HOMBRES | M78: 0
A79: a6baf8bc | B79: 135 | C79: 44979 | D79: BECERRA JAIMES DIEGO ARMANDO | E79: 45 | F79: 1098724961 | G79: 41 LN | H79: LN | I79: S | J79: M | K79: VESTIDOR HOMBRES | M79: 0
A80: 12aafa9f | B80: 160 | C80: 45015 | D80: AULAR CASTRILLO LEONEL ARNARDO | E80: 2 | F80: 4994640 | G80: 18 LYD | H80: LOG | I80: L | J80: L | K80: VESTIDOR HOMBRES | M80: 0
A81: 9f7d01c1 | B81: P001 | C81: 45015 | D81: SEQUEDA REATIGA ELBER ANDRES | E81: 65 | F81: 1005505533 | G81: 42 LN | H81: LN | I81: M | J81: L | K81: VESTIDOR HOMBRES | M81: 0
A82: 12aafa9f | B82: 171 | C82: 45042 | D82: MOLINA RINCON LUIS MANUEL | E82: 10 | F82: 1100888638 | G82: 14 LOG | H82: LOG | I82: M | J82: M | K82: VESTIDOR HOMBRES | M82: 0
A84: cd248872 | B84: N/A | C84: 45056 | D84: MANTENIMIENTO2 | E84: 6 | F84: N/A | G84: 16 ADM | H84: MTTO | I84: S-M-L-XL | K84: ADMINISTRACION | M84: 0
A85: a57508db | B85: 119 | C85: 45070 | D85: RINCÓN DIAZ MILKIN YESID | E85: 13 | F85: 1005449415 | G85: 15 LOG | H85: LOG | I85: L | J85: L | K85: VESTIDOR HOMBRES | M85: 0
A86: 04db6441 | B86: 141 | C86: 45083 | D86: VILLAMIZAR RODRIGUEZ IVAN | E86: 50 | F86: 1095913856 | G86: 36 PCC | H86: PCC | I86: XL | J86: XL | K86: VESTIDOR HOMBRES | M86: 0
A88: bdf6572a | B88: 034 | C88: 45173 | D88: MORENO RAMIREZ ANDRES FELIPE | E88: 8 | F88: 1002599899 | G88: 16 LOG | H88: LOG | I88: XL | J88: XL | K88: VESTIDOR HOMBRES | M88: 0
A89: 623a6929 | C89: 45173 | D89: OSORIO ZANDUA JUAN SEBASTIAN | E89: 23 | F89: 1095940311 | G89: 19 ADM | H89: SST | I89: XL | K89: ADMINISTRACION | M89: 0
A91: 12aafa9f | B91: 020 | C91: 45246 | D91: MARCANO GUZMÁN JOSE ERNESTO | E91: 15 | F91: 4925589 | G91: 19 LOG | H91: LOG | I91: L | J91: L | K91: VESTIDOR HOMBRES | M91: 0
A92: 12aafa9f | B92: 036 | C92: 45253 | D92: BALLESTEROS NUÑEZ DERSO | E92: 27 | F92: 1092671213 | G92: 21 LN | H92: LN | I92: M | J92: M | K92: VESTIDOR HOMBRES | M92: 0
A93: cd8b547c | B93: 107 | C93: 45307 | D93: GARCIA GOMEZ HUGO ARMANDO | E93: 31 | F93: 1005386544 | G93: 52 LN | H93: LN | I93: M | J93: M | K93: VESTIDOR HOMBRES | M93: 0
A94: 12aafa9f | B94: S001 | C94: 45307 | D94: ANTON RODRÍGUEZ HECTOR LUIS | E94: 6 | F94: 4588561 | G94: 44 PCC | H94: PCC | I94: L | J94: S | K94: VESTIDOR HOMBRES | M94: 0
A95: e8cbe5e6 | B95: 196 | C95: 45308 | D95: QUINTERO RADA GERSON MANUEL | E95: 58 | F95: 1065240729 | G95: 54 LN | H95: LN | I95: M | J95: L | K95: VESTIDOR HOMBRES | M95: 0
A96: 12aafa9f | B96: 201 | C96: 45364 | D96: CABEZA FLOREZ JOHAN STIVEN | E96: 3 | F96: 1005565551 | G96: 24 PCC | H96: PCC | I96: XL | J96: L | K96: VESTIDOR HOMBRES | M96: 0
A97: 68fd5c7f | B97: 230 | C97: 45364 | D97: HOYOS NIÑO ANDRES FELIPE | E97: 9 | F97: 1007412982 | G97: 56 LN | H97: LN | I97: M | J97: M | K97: VESTIDOR HOMBRES | M97: 0
A98: 474ed142 | B98: 217 | C98: 45378 | D98: ASURCARNES DIEGO AVILA | E98: 1 | G98: 18 ADM | J98: M
A99: 4d52adf8 | B99: 012 | C99: 45406 | D99: MARMOL CAPATAZ JOSE MIGUEL | E99: 16 | F99: 1067036744 | G99: 14 LYD | H99: LYD | I99: M | J99: M | K99: VESTIDOR HOMBRES | M99: 0
A100: 6af7c832 | B100: 199 | C100: 45411 | D100: RODRIGUEZ LIZCANO EDINSON FERNEY | E100: 23 | F100: 1099622755 | G100: 12 ADM | H100: CAL | I100: M | J100: M | K100: VESTIDOR HOMBRES | M100: 0
A101: 12aafa9f | B101: 008 | C101: 45433 | D101: MENDEZ ORTIZ GLEIGER ABRAHAM | E101: 28 | F101: 4883960 | G101: 53 LN | H101: LN | I101: M | J101: L | K101: VESTIDOR HOMBRES | M101: 0
A102: 12aafa9f | B102: 250 | C102: 45447 | D102: PADILLA BRIEVA MILEXANDE | E102: 50 | F102: 1042436560 | G102: 49 LN | H102: LN | I102: M | J102: L | K102: VESTIDOR HOMBRES | M102: 0
A104: b21dc9ef | B104: 184 | C104: 45467 | D104: BENITEZ VIDES YOSNEIDER | E104: 49 | F104: 1046426818 | G104: 57 LN | H104: LN | I104: L | J104: L | K104: VESTIDOR HOMBRES | M104: 0
A105: 12aafa9f | B105: S003 | C105: 45499 | D105: ROJAS SANCHEZ KEBIN YOBANY | E105: 32 | F105: 1095298628 | G105: 46 PCC | H105: PCC | I105: L | J105: M | K105: VESTIDOR HOMBRES | M105: 0
A106: 12aafa9f | B106: 007 | C106: 45517 | D106: JAIMES JAIMES JHON ALBEIRO | E106: 35 | F106: 1101211012 | G106: 33 LN | H106: LN | I106: M | J106: S | K106: VESTIDOR HOMBRES | M106: 0
A107: 0d613ede | B107: 128 | C107: 45530 | D107: LEAL MARCHAN JESUS MIGUEL | E107: 47 | F107: 4932955 | G107: 50 PCC | H107: PCC | I107: S | J107: S | K107: VESTIDOR HOMBRES | M107: 0
A108: c6214d1a | B108: 167 | C108: 45530 | D108: ARRIETA MORENO JUAN DAVID | E108: 33 | F108: 1095914235 | G108: 40 PCC | H108: PCC | I108: M | J108: L | K108: VESTIDOR HOMBRES | M108: 0
A109: 12aafa9f | B109: 005 | C109: 45558 | D109: RODRÍGUEZ MERCHAN ANGEL DAVID | E109: 40 | F109: 1401664 | G109: 8 PCC | H109: PCC | I109: M | J109: M | K109: VESTIDOR HOMBRES | M109: 0
A111: 12aafa9f | B111: 172 | C111: 45560 | D111: ALVAREZ MARCHAN ELIBER | E111: 36 | F111: 1397200 | G111: 58 LN | H111: LN | I111: M | J111: L | K111: VESTIDOR HOMBRES | M111: 0
A113: 12aafa9f | B113: 098 | C113: 45590 | D113: SEGURA BARRERA MARIA FILOMENA | E113: 3 | F113: 1056908061 | G113: 2 MUJ | H113: CAL | I113: XL | J113: XXL | K113: VESTIDOR MUJERES | M113: 0
A114: 0cd03f4d | B114: 080 | C114: 45595 | D114: MARQUEZ ZERPA YAMPIER JESUS | E114: 36 | F114: 5005845 | G114: 45 PCC | H114: PCC | I114: M | J114: M | K114: VESTIDOR HOMBRES | M114: 0
A115: b0f8df54 | B115: 134 | C115: 45615 | D115: PEÑA ARENAS PEDRO ARMANDO | E115: 13 | F115: 1005539482 | G115: 13 LYD | H115: LYD | I115: L | J115: M | K115: VESTIDOR HOMBRES | M115: 0
A117: dea7436c | B117: 255 | C117: 45665 | D117: BLANCO ALQUICHIRE JUAN JOSE | E117: 10 | F117: 1005156867 | G117: 50 LN | H117: LN | I117: L | J117: L | K117: VESTIDOR HOMBRES | M117: 0
A118: 28be6fbc | B118: 170 | C118: 45681 | D118: ANDRADES IBAÑEZ JOSE FRANCISCO | E118: 44 | F118: 1102350072 | G118: 47 LN | H118: LN | I118: M | J118: M | K118: VESTIDOR HOMBRES | M118: 0
A120: fafa9f13 | B120: 081 | C120: 45700 | D120: RIVERA GOMEZ CAMILO ANDRÉS | E120: 16 | F120: 1001920490 | G120: 35 PCC | H120: PCC | I120: M | J120: M | K120: VESTIDOR HOMBRES | M120: 0
A121: 22ad27ee | B121: 046 | C121: 45707 | D121: PEÑA PEÑA LUIS DAVID | E121: 31 | F121: 1104071452 | G121: 6 PCC | H121: PCC | I121: M | J121: S | K121: VESTIDOR HOMBRES | M121: 0
A122: e066b07a | B122: S002 | C122: 45707 | D122: ROJAS GUTIÉRREZ JHON FREDY | E122: 35 | F122: 1100893914 | G122: 51 PCC | H122: PCC | I122: M | J122: M | K122: VESTIDOR HOMBRES | M122: 0
A123: b807118e | B123: N/A | C123: 45724 | D123: TRANSCARNES | E123: 3 | F123: N/A | H123: EXT | I123: N/A | K123: VESTIDOR HOMBRES | M123: 0
A124: 04f99f00 | B124: 051 | C124: 45731 | D124: DIAZ VILLAMIZAR JAVIER ESTIVEN | E124: 8 | F124: 1007439822 | G124: 43 PCC | H124: PCC | I124: M | J124: M | K124: VESTIDOR HOMBRES | M124: 0
A125: e0f24f70 | B125: 024 | C125: 45736 | D125: RODRIGUEZ HERNÁNDEZ ANDRES MAURICIO | E125: 16 | F125: 1098721083 | G125: 6 LOG | H125: LOG | I125: L | J125: XL | K125: VESTIDOR HOMBRES | M125: 0
A127: bfc6d3fe | B127: 149 | C127: 45736 | D127: RAMOS OROZCO RONAL DAVID | E127: 24 | F127: 1067036723 | G127: 24 LOG | H127: LOG | I127: S | J127: M | K127: VESTIDOR HOMBRES | M127: 0
A129: 843e720a | B129: 105 | C129: 45750 | D129: ASURCARNES JAVIER RINCON | E129: 14 | F129: 1234 | G129: 11 ADM | H129: EXT | I129: M | J129: M | K129: VESTIDOR HOMBRES | M129: 0
A130: 559f0719 | B130: 179 | C130: 45750 | D130: GOMEZ SUAREZ BRAYAN FELIPE | E130: 14 | F130: 1005183907 | G130: 3 ADM | H130: TIC | I130: M | J130: L | K130: ADMINISTRACION | M130: 0
A131: 4d52adf9 | B131: 011 | C131: 45768 | D131: FLOREZ PEDROZO HELVER JOSE | E131: 4 | F131: 1085098049 | G131: 11 ADM | H131: LYD | I131: M | J131: S | K131: VESTIDOR HOMBRES | M131: 0
A133: dbef20fd | B133: 071 | C133: 45768 | D133: CELIS ARDILA JHON FREDY | E133: 56 | F133: 1128449677 | G133: 38 LN | H133: LN | I133: M | J133: M | K133: VESTIDOR HOMBRES | M133: 0
A135: 3bdeb366 | B135: 200 | C135: 45768 | D135: BARRAZA GARCIA ALEXIS DARIO | E135: 8 | F135: 1102392032 | G135: 10 LYD | H135: LYD | I135: M | J135: M | K135: VESTIDOR HOMBRES | M135: 0
A136: 3b329791 | B136: 180 | C136: 45768 | D136: ROJAS MEJIA JOSE DOMINGO | E136: 26 | F136: 1098773861 | G136: 55 LN | H136: LN | I136: M | J136: M | K136: VESTIDOR HOMBRES | M136: 0
A137: 7ab43c46 | B137: 258 | C137: 45769 | D137: RUEDA PARRA EDWIN ORLANDO | E137: 12 | F137: 1100891232 | G137: 23 PCC | H137: PCC | I137: L | J137: XXL | K137: VESTIDOR HOMBRES | M137: 0
A138: e29483c2 | B138: 189 | C138: 45793 | D138: SANTERO SUAREZ EVELIO | E138: 21 | F138: 1100340174 | G138: 26 LOG | H138: LOG | I138: L | J138: L | K138: VESTIDOR HOMBRES | M138: 0
A140: 3cb79da3 | B140: 156 | C140: 45813 | D140: SILVERA FLOREZ LUIGY BRAYAN | E140: 24 | F140: 6016865 | G140: 38 PCC | H140: PCC | I140: M | J140: M | K140: VESTIDOR HOMBRES | M140: 0
A141: 5a21a5d2 | B141: 053 | C141: 45841 | D141: PABON SERRANO ANDERSON | E141: 12 | F141: 1091132817 | G141: 4 LN | H141: LN | I141: M | J141: L | K141: VESTIDOR HOMBRES | M141: 0
A142: 8fe2c3c4 | B142: 101 | C142: 45841 | D142: BARRIOS RUIZ MIGUEL ANGEL | E142: 23 | F142: 1098740267 | G142: 27 LOG | H142: LOG | I142: XL | J142: L | K142: VESTIDOR HOMBRES | M142: 0
...

Sheet LOCKERES
A1: Codigo de Lockets | B1: Area | C1: Area de Lockers | D1: ESTADO | E1: UNIDAD
A2: 16 | B2: ADM | C2: ADMINISTRACION | D2: =IF(B2="VIS","LOCKERT VISITA",IF(C2="VESTIDOR MUJERES",IF(COUNTIFS(ASIGNACIONES!E:E,A2,ASIGNACIONES!K:K,C2)=0,"LOCKERT DISPONIBLE","LOCKERT ASIGNADO"),IF(COUNTIFS(ASIGNACIONES!E:E,A2,ASIGNACIONES!H:H,B2,ASIGNACIONES!K:K,C2)=0,"LOCKERT DISPONIBLE","LOCKERT ASIGNADO"))) -> LOCKERT DISPONIBLE | E2: 1
A3: 27 | B3: ADM | C3: ADMINISTRACION | D3: =IF(B3="VIS","LOCKERT VISITA",IF(C3="VESTIDOR MUJERES",IF(COUNTIFS(ASIGNACIONES!E:E,A3,ASIGNACIONES!K:K,C3)=0,"LOCKERT DISPONIBLE","LOCKERT ASIGNADO"),IF(COUNTIFS(ASIGNACIONES!E:E,A3,ASIGNACIONES!H:H,B3,ASIGNACIONES!K:K,C3)=0,"LOCKERT DISPONIBLE","LOCKERT ASIGNADO"))) -> LOCKERT DISPONIBLE | E3: 1
A4: 1 | B4: ASUR | C4: ADMINISTRACION | D4: =IF(B4="VIS","LOCKERT VISITA",IF(C4="VESTIDOR MUJERES",IF(COUNTIFS(ASIGNACIONES!E:E,A4,ASIGNACIONES!K:K,C4)=0,"LOCKERT DISPONIBLE","LOCKERT ASIGNADO"),IF(COUNTIFS(ASIGNACIONES!E:E,A4,ASIGNACIONES!H:H,B4,ASIGNACIONES!K:K,C4)=0,"LOCKERT DISPONIBLE","LOCKERT ASIGNADO"))) -> LOCKERT DISPONIBLE | E4: 1
A5: 5 | B5: ASUR | C5: VESTIDOR MUJERES | D5: =IF(B5="VIS","LOCKERT VISITA",IF(C5="VESTIDOR MUJERES",IF(COUNTIFS(ASIGNACIONES!E:E,A5,ASIGNACIONES!K:K,C5)=0,"LOCKERT DISPONIBLE","LOCKERT ASIGNADO"),IF(COUNTIFS(ASIGNACIONES!E:E,A5,ASIGNACIONES!H:H,B5,ASIGNACIONES!K:K,C5)=0,"LOCKERT DISPONIBLE","LOCKERT ASIGNADO"))) -> LOCKERT DISPONIBLE | E5: 1
A6: 3 | B6: CAL | C6: ADMINISTRACION | D6: =IF(B6="VIS","LOCKERT VISITA",IF(C6="VESTIDOR MUJERES",IF(COUNTIFS(ASIGNACIONES!E:E,A6,ASIGNACIONES!K:K,C6)=0,"LOCKERT DISPONIBLE","LOCKERT ASIGNADO"),IF(COUNTIFS(ASIGNACIONES!E:E,A6,ASIGNACIONES!H:H,B6,ASIGNACIONES!K:K,C6)=0,"LOCKERT DISPONIBLE","LOCKERT ASIGNADO"))) -> LOCKERT DISPONIBLE | E6: 1
A7: 4 | B7: CAL | C7: VESTIDOR MUJERES | D7: =IF(B7="VIS","LOCKERT VISITA",IF(C7="VESTIDOR MUJERES",IF(COUNTIFS(ASIGNACIONES!E:E,A7,ASIGNACIONES!K:K,C7)=0,"LOCKERT DISPONIBLE","LOCKERT ASIGNADO"),IF(COUNTIFS(ASIGNACIONES!E:E,A7,ASIGNACIONES!H:H,B7,ASIGNACIONES!K:K,C7)=0,"LOCKERT DISPONIBLE","LOCKERT ASIGNADO"))) -> LOCKERT DISPONIBLE | E7: 1
A8: 6 | B8: MTTO | C8: ADMINISTRACION | D8: =IF(B8="VIS","LOCKERT VISITA",IF(C8="VESTIDOR MUJERES",IF(COUNTIFS(ASIGNACIONES!E:E,A8,ASIGNACIONES!K:K,C8)=0,"LOCKERT DISPONIBLE","LOCKERT ASIGNADO"),IF(COUNTIFS(ASIGNACIONES!E:E,A8,ASIGNACIONES!H:H,B8,ASIGNACIONES!K:K,C8)=0,"LOCKERT DISPONIBLE","LOCKERT ASIGNADO"))) -> LOCKERT ASIGNADO | E8: 1
A9: 8 | B9: CAL | C9: VESTIDOR MUJERES | D9: =IF(B9="VIS","LOCKERT VISITA",IF(C9="VESTIDOR MUJERES",IF(COUNTIFS(ASIGNACIONES!E:E,A9,ASIGNACIONES!K:K,C9)=0,"LOCKERT DISPONIBLE","LOCKERT ASIGNADO"),IF(COUNTIFS(ASIGNACIONES!E:E,A9,ASIGNACIONES!H:H,B9,ASIGNACIONES!K:K,C9)=0,"LOCKERT DISPONIBLE","LOCKERT ASIGNADO"))) -> LOCKERT ASIGNADO | E9: 1
A10: 9 | B10: CAL | C10: ADMINISTRACION | D10: =IF(B10="VIS","LOCKERT VISITA",IF(C10="VESTIDOR MUJERES",IF(COUNTIFS(ASIGNACIONES!E:E,A10,ASIGNACIONES!K:K,C10)=0,"LOCKERT DISPONIBLE","LOCKERT ASIGNADO"),IF(COUNTIFS(ASIGNACIONES!E:E,A10,ASIGNACIONES!H:H,B10,ASIGNACIONES!K:K,C10)=0,"LOCKERT DISPONIBLE","LOCKERT ASIGNADO"))) -> LOCKERT ASIGNADO | E10: 1
A11: 13 | B11: CAL | C11: ADMINISTRACION | D11: =IF(B11="VIS","LOCKERT VISITA",IF(C11="VESTIDOR MUJERES",IF(COUNTIFS(ASIGNACIONES!E:E,A11,ASIGNACIONES!K:K,C11)=0,"LOCKERT DISPONIBLE","LOCKERT ASIGNADO"),IF(COUNTIFS(ASIGNACIONES!E:E,A11,ASIGNACIONES!H:H,B11,ASIGNACIONES!K:K,C11)=0,"LOCKERT DISPONIBLE","LOCKERT ASIGNADO"))) -> LOCKERT ASIGNADO | E11: 1
A12: 14 | B12: CAL | C12: ADMINISTRACION | D12: =IF(B12="VIS","LOCKERT VISITA",IF(C12="VESTIDOR MUJERES",IF(COUNTIFS(ASIGNACIONES!E:E,A12,ASIGNACIONES!K:K,C12)=0,"LOCKERT DISPONIBLE","LOCKERT ASIGNADO"),IF(COUNTIFS(ASIGNACIONES!E:E,A12,ASIGNACIONES!H:H,B12,ASIGNACIONES!K:K,C12)=0,"LOCKERT DISPONIBLE","LOCKERT ASIGNADO"))) -> LOCKERT DISPONIBLE | E12: 1
A13: 19 | B13: CAL | C13: ADMINISTRACION | D13: =IF(B13="VIS","LOCKERT VISITA",IF(C13="VESTIDOR MUJERES",IF(COUNTIFS(ASIGNACIONES!E:E,A13,ASIGNACIONES!K:K,C13)=0,"LOCKERT DISPONIBLE","LOCKERT ASIGNADO"),IF(COUNTIFS(ASIGNACIONES!E:E,A13,ASIGNACIONES!H:H,B13,ASIGNACIONES!K:K,C13)=0,"LOCKERT DISPONIBLE","LOCKERT ASIGNADO"))) -> LOCKERT ASIGNADO | E13: 1
... A17: 29 | B17: CAL | C17: ADMINISTRACION | D17: =IF(B17="VIS","LOCKERT VISITA",IF(C17="VESTIDOR MUJERES",IF(COUNTIFS(ASIGNACIONES!E:E,A17,ASIGNACIONES!K:K,C17)=0,"LOCKERT DISPONIBLE","LOCKERT ASIGNADO"),IF(COUNTIFS(ASIGNACIONES!E:E,A17,ASIGNACIONES!H:H,B17,ASIGNACIONES!K:K,C17)=0,"LOCKERT DISPONIBLE","LOCKERT ASIGNADO"))) -> LOCKERT ASIGNADO | E17: 1
A18: 16 | B18: CAL | C18: VESTIDOR MUJERES | D18: =IF(B18="VIS","LOCKERT VISITA",IF(C18="VESTIDOR MUJERES",IF(COUNTIFS(ASIGNACIONES!E:E,A18,ASIGNACIONES!K:K,C18)=0,"LOCKERT DISPONIBLE","LOCKERT ASIGNADO"),IF(COUNTIFS(ASIGNACIONES!E:E,A18,ASIGNACIONES!H:H,B18,ASIGNACIONES!K:K,C18)=0,"LOCKERT DISPONIBLE","LOCKERT ASIGNADO"))) -> LOCKERT ASIGNADO | E18: 1
A19: 20 | B19: CAL | C19: VESTIDOR MUJERES | D19: =IF(B19="VIS","LOCKERT VISITA",IF(C19="VESTIDOR MUJERES",IF(COUNTIFS(ASIGNACIONES!E:E,A19,ASIGNACIONES!K:K,C19)=0,"LOCKERT DISPONIBLE","LOCKERT ASIGNADO"),IF(COUNTIFS(ASIGNACIONES!E:E,A19,ASIGNACIONES!H:H,B19,ASIGNACIONES!K:K,C19)=0,"LOCKERT DISPONIBLE","LOCKERT ASIGNADO"))) -> LOCKERT DISPONIBLE | E19: 1
A20: 3 | B20: CAL | C20: VESTIDOR MUJERES | D20: =IF(B20="VIS","LOCKERT VISITA",IF(C20="VESTIDOR MUJERES",IF(COUNTIFS(ASIGNACIONES!E:E,A20,ASIGNACIONES!K:K,C20)=0,"LOCKERT DISPONIBLE","LOCKERT ASIGNADO"),IF(COUNTIFS(ASIGNACIONES!E:E,A20,ASIGNACIONES!H:H,B20,ASIGNACIONES!K:K,C20)=0,"LOCKERT DISPONIBLE","LOCKERT ASIGNADO"))) -> LOCKERT ASIGNADO | E20: 1
A21: 9 | B21: CAL | C21: VESTIDOR MUJERES | D21: =IF(B21="VIS","LOCKERT VISITA",IF(C21="VESTIDOR MUJERES",IF(COUNTIFS(ASIGNACIONES!E:E,A21,ASIGNACIONES!K:K,C21)=0,"LOCKERT DISPONIBLE","LOCKERT ASIGNADO"),IF(COUNTIFS(ASIGNACIONES!E:E,A21,ASIGNACIONES!H:H,B21,ASIGNACIONES!K:K,C21)=0,"LOCKERT DISPONIBLE","LOCKERT ASIGNADO"))) -> LOCKERT ASIGNADO | E21: 1
A22: 1 | B22: EXT | C22: VESTIDOR HOMBRES | D22: =IF(B22="VIS","LOCKERT VISITA",IF(C22="VESTIDOR MUJERES",IF(COUNTIFS(ASIGNACIONES!E:E,A22,ASIGNACIONES!K:K,C22)=0,"LOCKERT DISPONIBLE","LOCKERT ASIGNADO"),IF(COUNTIFS(ASIGNACIONES!E:E,A22,ASIGNACIONES!H:H,B22,ASIGNACIONES!K:K,C22)=0,"LOCKERT DISPONIBLE","LOCKERT ASIGNADO"))) -> LOCKERT ASIGNADO | E22: 1
A23: 2 | B23: EXT | C23: VESTIDOR HOMBRES | D23: =IF(B23="VIS","LOCKERT VISITA",IF(C23="VESTIDOR MUJERES",IF(COUNTIFS(ASIGNACIONES!E:E,A23,ASIGNACIONES!K:K,C23)=0,"LOCKERT DISPONIBLE","LOCKERT ASIGNADO"),IF(COUNTIFS(ASIGNACIONES!E:E,A23,ASIGNACIONES!H:H,B23,ASIGNACIONES!K:K,C23)=0,"LOCKERT DISPONIBLE","LOCKERT ASIGNADO"))) -> LOCKERT ASIGNADO | E23: 1
A24: 3 | B24: EXT | C24: VESTIDOR HOMBRES | D24: =IF(B24="VIS","LOCKERT VISITA",IF(C24="VESTIDOR MUJERES",IF(COUNTIFS(ASIGNACIONES!E:E,A24,ASIGNACIONES!K:K,C24)=0,"LOCKERT DISPONIBLE","LOCKERT ASIGNADO"),IF(COUNTIFS(ASIGNACIONES!E:E,A24,ASIGNACIONES!H:H,B24,ASIGNACIONES!K:K,C24)=0,"LOCKERT DISPONIBLE","LOCKERT ASIGNADO"))) -> LOCKERT ASIGNADO | E24: 1
A25: 4 | B25: EXT | C25: VESTIDOR HOMBRES | D25: =IF(B25="VIS","LOCKERT VISITA",IF(C25="VESTIDOR MUJERES",IF(COUNTIFS(ASIGNACIONES!E:E,A25,ASIGNACIONES!K:K,C25)=0,"LOCKERT DISPONIBLE","LOCKERT ASIGNADO"),IF(COUNTIFS(ASIGNACIONES!E:E,A25,ASIGNACIONES!H:H,B25,ASIGNACIONES!K:K,C25)=0,"LOCKERT DISPONIBLE","LOCKERT ASIGNADO"))) -> LOCKERT ASIGNADO | E25: 1
A26: 4 | B26: EXT | C26: ADMINISTRACION | D26: =IF(B26="VIS","LOCKERT VISITA",IF(C26="VESTIDOR MUJERES",IF(COUNTIFS(ASIGNACIONES!E:E,A26,ASIGNACIONES!K:K,C26)=0,"LOCKERT DISPONIBLE","LOCKERT ASIGNADO"),IF(COUNTIFS(ASIGNACIONES!E:E,A26,ASIGNACIONES!H:H,B26,ASIGNACIONES!K:K,C26)=0,"LOCKERT DISPONIBLE","LOCKERT ASIGNADO"))) -> LOCKERT DISPONIBLE | E26: 1
A27: 5 | B27: EXT | C27: VESTIDOR HOMBRES | D27: =IF(B27="VIS","LOCKERT VISITA",IF(C27="VESTIDOR MUJERES",IF(COUNTIFS(ASIGNACIONES!E:E,A27,ASIGNACIONES!K:K,C27)=0,"LOCKERT DISPONIBLE","LOCKERT ASIGNADO"),IF(COUNTIFS(ASIGNACIONES!E:E,A27,ASIGNACIONES!H:H,B27,ASIGNACIONES!K:K,C27)=0,"LOCKERT DISPONIBLE","LOCKERT ASIGNADO"))) -> LOCKERT ASIGNADO | E27: 1
A28: 11 | B28: EXT | C28: ADMINISTRACION | D28: =IF(B28="VIS","LOCKERT VISITA",IF(C28="VESTIDOR MUJERES",IF(COUNTIFS(ASIGNACIONES!E:E,A28,ASIGNACIONES!K:K,C28)=0,"LOCKERT DISPONIBLE","LOCKERT ASIGNADO"),IF(COUNTIFS(ASIGNACIONES!E:E,A28,ASIGNACIONES!H:H,B28,ASIGNACIONES!K:K,C28)=0,"LOCKERT DISPONIBLE","LOCKERT ASIGNADO"))) -> LOCKERT DISPONIBLE | E28: 1
A29: 23 | B29: GG | C29: ADMINISTRACION | D29: =IF(B29="VIS","LOCKERT VISITA",IF(C29="VESTIDOR MUJERES",IF(COUNTIFS(ASIGNACIONES!E:E,A29,ASIGNACIONES!K:K,C29)=0,"LOCKERT DISPONIBLE","LOCKERT ASIGNADO"),IF(COUNTIFS(ASIGNACIONES!E:E,A29,ASIGNACIONES!H:H,B29,ASIGNACIONES!K:K,C29)=0,"LOCKERT DISPONIBLE","LOCKERT ASIGNADO"))) -> LOCKERT DISPONIBLE | E29: 1
A30: 1 | B30: LN | C30: VESTIDOR HOMBRES | D30: =IF(B30="VIS","LOCKERT VISITA",IF(C30="VESTIDOR MUJERES",IF(COUNTIFS(ASIGNACIONES!E:E,A30,ASIGNACIONES!K:K,C30)=0,"LOCKERT DISPONIBLE","LOCKERT ASIGNADO"),IF(COUNTIFS(ASIGNACIONES!E:E,A30,ASIGNACIONES!H:H,B30,ASIGNACIONES!K:K,C30)=0,"LOCKERT DISPONIBLE","LOCKERT ASIGNADO"))) -> LOCKERT ASIGNADO | E30: 1
A31: 2 | B31: LN | C31: VESTIDOR HOMBRES | D31: =IF(B31="VIS","LOCKERT VISITA",IF(C31="VESTIDOR MUJERES",IF(COUNTIFS(ASIGNACIONES!E:E,A31,ASIGNACIONES!K:K,C31)=0,"LOCKERT DISPONIBLE","LOCKERT ASIGNADO"),IF(COUNTIFS(ASIGNACIONES!E:E,A31,ASIGNACIONES!H:H,B31,ASIGNACIONES!K:K,C31)=0,"LOCKERT DISPONIBLE","LOCKERT ASIGNADO"))) -> LOCKERT ASIGNADO | E31: 1
A32: 3 | B32: LN | C32: VESTIDOR HOMBRES | D32: =IF(B32="VIS","LOCKERT VISITA",IF(C32="VESTIDOR MUJERES",IF(COUNTIFS(ASIGNACIONES!E:E,A32,ASIGNACIONES!K:K,C32)=0,"LOCKERT DISPONIBLE","LOCKERT ASIGNADO"),IF(COUNTIFS(ASIGNACIONES!E:E,A32,ASIGNACIONES!H:H,B32,ASIGNACIONES!K:K,C32)=0,"LOCKERT DISPONIBLE","LOCKERT ASIGNADO"))) -> LOCKERT ASIGNADO | E32: 1
A33: 4 | B33: LN | C33: VESTIDOR HOMBRES | D33: =IF(B33="VIS","LOCKERT VISITA",IF(C33="VESTIDOR MUJERES",IF(COUNTIFS(ASIGNACIONES!E:E,A33,ASIGNACIONES!K:K,C33)=0,"LOCKERT DISPONIBLE","LOCKERT ASIGNADO"),IF(COUNTIFS(ASIGNACIONES!E:E,A33,ASIGNACIONES!H:H,B33,ASIGNACIONES!K:K,C33)=0,"LOCKERT DISPONIBLE","LOCKERT ASIGNADO"))) -> LOCKERT ASIGNADO | E33: 1
... A146: 22 | B146: LYD | C146: VESTIDOR HOMBRES | D146: =IF(B146="VIS","LOCKERT VISITA",IF(C146="VESTIDOR MUJERES",IF(COUNTIFS(ASIGNACIONES!E:E,A146,ASIGNACIONES!K:K,C146)=0,"LOCKERT DISPONIBLE","LOCKERT ASIGNADO"),IF(COUNTIFS(ASIGNACIONES!E:E,A146,ASIGNACIONES!H:H,B146,ASIGNACIONES!K:K,C146)=0,"LOCKERT DISPONIBLE","LOCKERT ASIGNADO"))) -> LOCKERT DISPONIBLE | E146: 1
A147: 65 | B147: LN | C147: VESTIDOR HOMBRES | D147: =IF(B147="VIS","LOCKERT VISITA",IF(C147="VESTIDOR MUJERES",IF(COUNTIFS(ASIGNACIONES!E:E,A147,ASIGNACIONES!K:K,C147)=0,"LOCKERT DISPONIBLE","LOCKERT ASIGNADO"),IF(COUNTIFS(ASIGNACIONES!E:E,A147,ASIGNACIONES!H:H,B147,ASIGNACIONES!K:K,C147)=0,"LOCKERT DISPONIBLE","LOCKERT ASIGNADO"))) -> LOCKERT ASIGNADO | E147: 1
A148: 26 | B148: MTTO | C148: ADMINISTRACION | D148: =IF(B148="VIS","LOCKERT VISITA",IF(C148="VESTIDOR MUJERES",IF(COUNTIFS(ASIGNACIONES!E:E,A148,ASIGNACIONES!K:K,C148)=0,"LOCKERT DISPONIBLE","LOCKERT ASIGNADO"),IF(COUNTIFS(ASIGNACIONES!E:E,A148,ASIGNACIONES!H:H,B148,ASIGNACIONES!K:K,C148)=0,"LOCKERT DISPONIBLE","LOCKERT ASIGNADO"))) -> LOCKERT ASIGNADO | E148: 1
A149: 1 | B149: PCC | C149: VESTIDOR HOMBRES | D149: =IF(B149="VIS","LOCKERT VISITA",IF(C149="VESTIDOR MUJERES",IF(COUNTIFS(ASIGNACIONES!E:E,A149,ASIGNACIONES!K:K,C149)=0,"LOCKERT DISPONIBLE","LOCKERT ASIGNADO"),IF(COUNTIFS(ASIGNACIONES!E:E,A149,ASIGNACIONES!H:H,B149,ASIGNACIONES!K:K,C149)=0,"LOCKERT DISPONIBLE","LOCKERT ASIGNADO"))) -> LOCKERT ASIGNADO | E149: 1
A150: 1 | B150: PCC | C150: VESTIDOR MUJERES | D150: =IF(B150="VIS","LOCKERT VISITA",IF(C150="VESTIDOR MUJERES",IF(COUNTIFS(ASIGNACIONES!E:E,A150,ASIGNACIONES!K:K,C150)=0,"LOCKERT DISPONIBLE","LOCKERT ASIGNADO"),IF(COUNTIFS(ASIGNACIONES!E:E,A150,ASIGNACIONES!H:H,B150,ASIGNACIONES!K:K,C150)=0,"LOCKERT DISPONIBLE","LOCKERT ASIGNADO"))) -> LOCKERT ASIGNADO | E150: 1
A151: 2 | B151: PCC | C151: VESTIDOR HOMBRES | D151: =IF(B151="VIS","LOCKERT VISITA",IF(C151="VESTIDOR MUJERES",IF(COUNTIFS(ASIGNACIONES!E:E,A151,ASIGNACIONES!K:K,C151)=0,"LOCKERT DISPONIBLE","LOCKERT ASIGNADO"),IF(COUNTIFS(ASIGNACIONES!E:E,A151,ASIGNACIONES!H:H,B151,ASIGNACIONES!K:K,C151)=0,"LOCKERT DISPONIBLE","LOCKERT ASIGNADO"))) -> LOCKERT ASIGNADO | E151: 1
A152: 2 | B152: PCC | C152: VESTIDOR MUJERES | D152: =IF(B152="VIS","LOCKERT VISITA",IF(C152="VESTIDOR MUJERES",IF(COUNTIFS(ASIGNACIONES!E:E,A152,ASIGNACIONES!K:K,C152)=0,"LOCKERT DISPONIBLE","LOCKERT ASIGNADO"),IF(COUNTIFS(ASIGNACIONES!E:E,A152,ASIGNACIONES!H:H,B152,ASIGNACIONES!K:K,C152)=0,"LOCKERT DISPONIBLE","LOCKERT ASIGNADO"))) -> LOCKERT ASIGNADO | E152: 1
A153: 3 | B153: PCC | C153: VESTIDOR HOMBRES | D153: =IF(B153="VIS","LOCKERT VISITA",IF(C153="VESTIDOR MUJERES",IF(COUNTIFS(ASIGNACIONES!E:E,A153,ASIGNACIONES!K:K,C153)=0,"LOCKERT DISPONIBLE","LOCKERT ASIGNADO"),IF(COUNTIFS(ASIGNACIONES!E:E,A153,ASIGNACIONES!H:H,B153,ASIGNACIONES!K:K,C153)=0,"LOCKERT DISPONIBLE","LOCKERT ASIGNADO"))) -> LOCKERT ASIGNADO | E153: 1
A154: 4 | B154: PCC | C154: VESTIDOR HOMBRES | D154: =IF(B154="VIS","LOCKERT VISITA",IF(C154="VESTIDOR MUJERES",IF(COUNTIFS(ASIGNACIONES!E:E,A154,ASIGNACIONES!K:K,C154)=0,"LOCKERT DISPONIBLE","LOCKERT ASIGNADO"),IF(COUNTIFS(ASIGNACIONES!E:E,A154,ASIGNACIONES!H:H,B154,ASIGNACIONES!K:K,C154)=0,"LOCKERT DISPONIBLE","LOCKERT ASIGNADO"))) -> LOCKERT ASIGNADO | E154: 1
A155: 5 | B155: PCC | C155: VESTIDOR HOMBRES | D155: =IF(B155="VIS","LOCKERT VISITA",IF(C155="VESTIDOR MUJERES",IF(COUNTIFS(ASIGNACIONES!E:E,A155,ASIGNACIONES!K:K,C155)=0,"LOCKERT DISPONIBLE","LOCKERT ASIGNADO"),IF(COUNTIFS(ASIGNACIONES!E:E,A155,ASIGNACIONES!H:H,B155,ASIGNACIONES!K:K,C155)=0,"LOCKERT DISPONIBLE","LOCKERT ASIGNADO"))) -> LOCKERT DISPONIBLE | E155: 1
A156: 6 | B156: PCC | C156: VESTIDOR HOMBRES | D156: =IF(B156="VIS","LOCKERT VISITA",IF(C156="VESTIDOR MUJERES",IF(COUNTIFS(ASIGNACIONES!E:E,A156,ASIGNACIONES!K:K,C156)=0,"LOCKERT DISPONIBLE","LOCKERT ASIGNADO"),IF(COUNTIFS(ASIGNACIONES!E:E,A156,ASIGNACIONES!H:H,B156,ASIGNACIONES!K:K,C156)=0,"LOCKERT DISPONIBLE","LOCKERT ASIGNADO"))) -> LOCKERT ASIGNADO | E156: 1
A157: 6 | B157: PCC | C157: VESTIDOR MUJERES | D157: =IF(B157="VIS","LOCKERT VISITA",IF(C157="VESTIDOR MUJERES",IF(COUNTIFS(ASIGNACIONES!E:E,A157,ASIGNACIONES!K:K,C157)=0,"LOCKERT DISPONIBLE","LOCKERT ASIGNADO"),IF(COUNTIFS(ASIGNACIONES!E:E,A157,ASIGNACIONES!H:H,B157,ASIGNACIONES!K:K,C157)=0,"LOCKERT DISPONIBLE","LOCKERT ASIGNADO"))) -> LOCKERT DISPONIBLE | E157: 1
A158: 7 | B158: PCC | C158: VESTIDOR HOMBRES | D158: =IF(B158="VIS","LOCKERT VISITA",IF(C158="VESTIDOR MUJERES",IF(COUNTIFS(ASIGNACIONES!E:E,A158,ASIGNACIONES!K:K,C158)=0,"LOCKERT DISPONIBLE","LOCKERT ASIGNADO"),IF(COUNTIFS(ASIGNACIONES!E:E,A158,ASIGNACIONES!H:H,B158,ASIGNACIONES!K:K,C158)=0,"LOCKERT DISPONIBLE","LOCKERT ASIGNADO"))) -> LOCKERT DISPONIBLE | E158: 1
A159: 8 | B159: PCC | C159: VESTIDOR HOMBRES | D159: =IF(B159="VIS","LOCKERT VISITA",IF(C159="VESTIDOR MUJERES",IF(COUNTIFS(ASIGNACIONES!E:E,A159,ASIGNACIONES!K:K,C159)=0,"LOCKERT DISPONIBLE","LOCKERT ASIGNADO"),IF(COUNTIFS(ASIGNACIONES!E:E,A159,ASIGNACIONES!H:H,B159,ASIGNACIONES!K:K,C159)=0,"LOCKERT DISPONIBLE","LOCKERT ASIGNADO"))) -> LOCKERT ASIGNADO | E159: 1
... A230: 30 | B230: VIS | C230: ADMINISTRACION | D230: =IF(B230="VIS","LOCKERT VISITA",IF(C230="VESTIDOR MUJERES",IF(COUNTIFS(ASIGNACIONES!E:E,A230,ASIGNACIONES!K:K,C230)=0,"LOCKERT DISPONIBLE","LOCKERT ASIGNADO"),IF(COUNTIFS(ASIGNACIONES!E:E,A230,ASIGNACIONES!H:H,B230,ASIGNACIONES!K:K,C230)=0,"LOCKERT DISPONIBLE","LOCKERT ASIGNADO"))) -> LOCKERT VISITA | E230: 1

Sheet SECA BOTAS
A1: Codigo de Seca Botas | B1: Area de Lockers | C1: ESTADO | D1: UNIDAD
A2: 1 PCC | B2: VESTIDOR HOMBRES | C2: =IF(COUNTIFS(ASIGNACIONES!G:G,A2,ASIGNACIONES!K:K,B2)=0,"CODIGO DISPONIBLE","CODIGO ASIGNADO") -> CODIGO ASIGNADO | D2: 1
A3: 2 PCC | B3: VESTIDOR HOMBRES | C3: =IF(COUNTIFS(ASIGNACIONES!G:G,A3,ASIGNACIONES!K:K,B3)=0,"CODIGO DISPONIBLE","CODIGO ASIGNADO") -> CODIGO ASIGNADO | D3: 1
A4: 3 PCC | B4: VESTIDOR HOMBRES | C4: =IF(COUNTIFS(ASIGNACIONES!G:G,A4,ASIGNACIONES!K:K,B4)=0,"CODIGO DISPONIBLE","CODIGO ASIGNADO") -> CODIGO ASIGNADO | D4: 1
A5: 4 PCC | B5: VESTIDOR HOMBRES | C5: =IF(COUNTIFS(ASIGNACIONES!G:G,A5,ASIGNACIONES!K:K,B5)=0,"CODIGO DISPONIBLE","CODIGO ASIGNADO") -> CODIGO ASIGNADO | D5: 1
A6: 5 PCC | B6: VESTIDOR HOMBRES | C6: =IF(COUNTIFS(ASIGNACIONES!G:G,A6,ASIGNACIONES!K:K,B6)=0,"CODIGO DISPONIBLE","CODIGO ASIGNADO") -> CODIGO ASIGNADO | D6: 1
A7: 6 PCC | B7: VESTIDOR HOMBRES | C7: =IF(COUNTIFS(ASIGNACIONES!G:G,A7,ASIGNACIONES!K:K,B7)=0,"CODIGO DISPONIBLE","CODIGO ASIGNADO") -> CODIGO ASIGNADO | D7: 1
A8: 7 PCC | B8: VESTIDOR HOMBRES | C8: =IF(COUNTIFS(ASIGNACIONES!G:G,A8,ASIGNACIONES!K:K,B8)=0,"CODIGO DISPONIBLE","CODIGO ASIGNADO") -> CODIGO ASIGNADO | D8: 1
A9: 8 PCC | B9: VESTIDOR HOMBRES | C9: =IF(COUNTIFS(ASIGNACIONES!G:G,A9,ASIGNACIONES!K:K,B9)=0,"CODIGO DISPONIBLE","CODIGO ASIGNADO") -> CODIGO ASIGNADO | D9: 1
A10: 9 PCC | B10: VESTIDOR HOMBRES | C10: =IF(COUNTIFS(ASIGNACIONES!G:G,A10,ASIGNACIONES!K:K,B10)=0,"CODIGO DISPONIBLE","CODIGO ASIGNADO") -> CODIGO ASIGNADO | D10: 1
A11: 10 PCC | B11: VESTIDOR HOMBRES | C11: =IF(COUNTIFS(ASIGNACIONES!G:G,A11,ASIGNACIONES!K:K,B11)=0,"CODIGO DISPONIBLE","CODIGO ASIGNADO") -> CODIGO ASIGNADO | D11: 1
A12: 11 PCC | B12: VESTIDOR HOMBRES | C12: =IF(COUNTIFS(ASIGNACIONES!G:G,A12,ASIGNACIONES!K:K,B12)=0,"CODIGO DISPONIBLE","CODIGO ASIGNADO") -> CODIGO ASIGNADO | D12: 1
A13: 12 PCC | B13: VESTIDOR HOMBRES | C13: =IF(COUNTIFS(ASIGNACIONES!G:G,A13,ASIGNACIONES!K:K,B13)=0,"CODIGO DISPONIBLE","CODIGO ASIGNADO") -> CODIGO ASIGNADO | D13: 1
... A191: 16 MUJ | B191: VESTIDOR MUJERES | C191: =IF(COUNTIFS(ASIGNACIONES!G:G,A191,ASIGNACIONES!K:K,B191)=0,"CODIGO DISPONIBLE","CODIGO ASIGNADO") -> CODIGO ASIGNADO | D191: 1
C192: =IF(COUNTIFS(ASIGNACIONES!G:G,A192,ASIGNACIONES!K:K,B192)=0,"CODIGO DISPONIBLE","CODIGO ASIGNADO") -> CODIGO DISPONIBLE | D192: 1
C193: =IF(COUNTIFS(ASIGNACIONES!G:G,A193,ASIGNACIONES!K:K,B193)=0,"CODIGO DISPONIBLE","CODIGO ASIGNADO") -> CODIGO DISPONIBLE | D193: 1
C194: =IF(COUNTIFS(ASIGNACIONES!G:G,A194,ASIGNACIONES!K:K,B194)=0,"CODIGO DISPONIBLE","CODIGO ASIGNADO") -> CODIGO DISPONIBLE | D194: 1
C195: =IF(COUNTIFS(ASIGNACIONES!G:G,A195,ASIGNACIONES!K:K,B195)=0,"CODIGO DISPONIBLE","CODIGO ASIGNADO") -> CODIGO DISPONIBLE | D195: 1
C196: =IF(COUNTIFS(ASIGNACIONES!G:G,A196,ASIGNACIONES!K:K,B196)=0,"CODIGO DISPONIBLE","CODIGO ASIGNADO") -> CODIGO DISPONIBLE | D196: 1
C197: =IF(COUNTIFS(ASIGNACIONES!G:G,A197,ASIGNACIONES!K:K,B197)=0,"CODIGO DISPONIBLE","CODIGO ASIGNADO") -> CODIGO DISPONIBLE | D197: 1
C198: =IF(COUNTIFS(ASIGNACIONES!G:G,A198,ASIGNACIONES!K:K,B198)=0,"CODIGO DISPONIBLE","CODIGO ASIGNADO") -> CODIGO DISPONIBLE | D198: 1
C199: =IF(COUNTIFS(ASIGNACIONES!G:G,A199,ASIGNACIONES!K:K,B199)=0,"CODIGO DISPONIBLE","CODIGO ASIGNADO") -> CODIGO DISPONIBLE | D199: 1
C200: =IF(COUNTIFS(ASIGNACIONES!G:G,A200,ASIGNACIONES!K:K,B200)=0,"CODIGO DISPONIBLE","CODIGO ASIGNADO") -> CODIGO DISPONIBLE | D200: 1
C201: =IF(COUNTIFS(ASIGNACIONES!G:G,A201,ASIGNACIONES!K:K,B201)=0,"CODIGO DISPONIBLE","CODIGO ASIGNADO") -> CODIGO DISPONIBLE | D201: 1
C202: =IF(COUNTIFS(ASIGNACIONES!G:G,A202,ASIGNACIONES!K:K,B202)=0,"CODIGO DISPONIBLE","CODIGO ASIGNADO") -> CODIGO DISPONIBLE | D202: 1
C203: =IF(COUNTIFS(ASIGNACIONES!G:G,A203,ASIGNACIONES!K:K,B203)=0,"CODIGO DISPONIBLE","CODIGO ASIGNADO") -> CODIGO DISPONIBLE | D203: 1
... C224: =IF(COUNTIFS(ASIGNACIONES!G:G,A224,ASIGNACIONES!K:K,B224)=0,"CODIGO DISPONIBLE","CODIGO ASIGNADO") -> CODIGO DISPONIBLE | D224: 1
C225: =IF(COUNTIFS(ASIGNACIONES!G:G,A225,ASIGNACIONES!H:H,#REF!,ASIGNACIONES!K:K,B225)=0,"CODIGO DISPONIBLE","CODIGO ASIGNADO") -> CODIGO DISPONIBLE | D225: 1
C226: =IF(COUNTIFS(ASIGNACIONES!G:G,A226,ASIGNACIONES!H:H,#REF!,ASIGNACIONES!K:K,B226)=0,"CODIGO DISPONIBLE","CODIGO ASIGNADO") -> CODIGO DISPONIBLE | D226: 1
C227: =IF(COUNTIFS(ASIGNACIONES!G:G,A227,ASIGNACIONES!H:H,#REF!,ASIGNACIONES!K:K,B227)=0,"CODIGO DISPONIBLE","CODIGO ASIGNADO") -> CODIGO DISPONIBLE | D227: 1
C228: =IF(COUNTIFS(ASIGNACIONES!G:G,A228,ASIGNACIONES!H:H,#REF!,ASIGNACIONES!K:K,B228)=0,"CODIGO DISPONIBLE","CODIGO ASIGNADO") -> CODIGO DISPONIBLE | D228: 1
C229: =IF(COUNTIFS(ASIGNACIONES!G:G,A229,ASIGNACIONES!H:H,#REF!,ASIGNACIONES!K:K,B229)=0,"CODIGO DISPONIBLE","CODIGO ASIGNADO") -> CODIGO DISPONIBLE | D229: 1
C230: =IF(COUNTIFS(ASIGNACIONES!G:G,A230,ASIGNACIONES!H:H,#REF!,ASIGNACIONES!K:K,B230)=0,"CODIGO DISPONIBLE","CODIGO ASIGNADO") -> CODIGO DISPONIBLE | D230: 1
C231: =IF(COUNTIFS(ASIGNACIONES!G:G,A231,ASIGNACIONES!H:H,#REF!,ASIGNACIONES!K:K,B231)=0,"CODIGO DISPONIBLE","CODIGO ASIGNADO") -> CODIGO DISPONIBLE | D231: 1
C232: =IF(COUNTIFS(ASIGNACIONES!G:G,A232,ASIGNACIONES!K:K,B232)=0,"CODIGO DISPONIBLE","CODIGO ASIGNADO") -> CODIGO DISPONIBLE
C233: =IF(COUNTIFS(ASIGNACIONES!G:G,A233,ASIGNACIONES!K:K,B233)=0,"CODIGO DISPONIBLE","CODIGO ASIGNADO") -> CODIGO DISPONIBLE
C234: =IF(COUNTIFS(ASIGNACIONES!G:G,A234,ASIGNACIONES!K:K,B234)=0,"CODIGO DISPONIBLE","CODIGO ASIGNADO") -> CODIGO DISPONIBLE
C235: =IF(COUNTIFS(ASIGNACIONES!G:G,A235,ASIGNACIONES!K:K,B235)=0,"CODIGO DISPONIBLE","CODIGO ASIGNADO") -> CODIGO DISPONIBLE
C236: =IF(COUNTIFS(ASIGNACIONES!G:G,A236,ASIGNACIONES!K:K,B236)=0,"CODIGO DISPONIBLE","CODIGO ASIGNADO") -> CODIGO DISPONIBLE
C237: =IF(COUNTIFS(ASIGNACIONES!G:G,A237,ASIGNACIONES!K:K,B237)=0,"CODIGO DISPONIBLE","CODIGO ASIGNADO") -> CODIGO DISPONIBLE
C238: =IF(COUNTIFS(ASIGNACIONES!G:G,A238,ASIGNACIONES!K:K,B238)=0,"CODIGO DISPONIBLE","CODIGO ASIGNADO") -> CODIGO DISPONIBLE
C239: =IF(COUNTIFS(ASIGNACIONES!G:G,A239,ASIGNACIONES!K:K,B239)=0,"CODIGO DISPONIBLE","CODIGO ASIGNADO") -> CODIGO DISPONIBLE
C240: =IF(COUNTIFS(ASIGNACIONES!G:G,A240,ASIGNACIONES!K:K,B240)=0,"CODIGO DISPONIBLE","CODIGO ASIGNADO") -> CODIGO DISPONIBLE
C241: =IF(COUNTIFS(ASIGNACIONES!G:G,A241,ASIGNACIONES!K:K,B241)=0,"CODIGO DISPONIBLE","CODIGO ASIGNADO") -> CODIGO DISPONIBLE
C242: =IF(COUNTIFS(ASIGNACIONES!G:G,A242,ASIGNACIONES!K:K,B242)=0,"CODIGO DISPONIBLE","CODIGO ASIGNADO") -> CODIGO DISPONIBLE

Sheet RETIROS
A1: ID RETIRO | B1: identificacion | C1: Codigo de Dotacion | D1: Fecha de Retiro | E1: Operario | F1: Codigo de Lockets | G1: Area | H1: Talla de Operarios | I1: Talla de dotacion asignada | J1: Area de Lockers | K1: Observaciones | L1: Imagen | M1: Codigo de Seca Botas
A2: 5a8f7287 | B2: n/a | C2: 020 | D2: 45037 | E2: CASTILLO VIDES TANIA NICOL | F2: 7 | G2: SST | H2: M | I2: L | J2: VESTIDOR MUJERES
A3: 1cc5f3ea | B3: 1092389738 | C3: 171 | D3: 45037 | E3: CORVACHO RODRÍGUEZ CRISTHIAN ANDRÉS | F3: 56 | G3: LN | H3: M | I3: M | J3: VESTIDOR HOMBRES | K3: no realizo entrega formal
A4: 5a8f7286 | B4: 91512215 | C4: 188 | D4: 45037 | E4: RODRIGUEZ HERRERA NICOLAS | F4: 20 | G4: LOG | H4: L | I4: XL | J4: VESTIDOR HOMBRES | K4: Acendio a gestor en desposte
A5: 81fc02dd | B5: 91356514 | C5: 115 | D5: 45050 | E5: BARAJAS REY WILSON | F5: 26 | G5: LN | H5: M | I5: M | J5: VESTIDOR HOMBRES
A6: b2286812 | B6: 1096243133 | C6: 067 | D6: 45051 | E6: VIDES MARTINEZ KEVIN JUNNER | F6: 13 | G6: LOG | H6: L | I6: L | J6: VESTIDOR HOMBRES
A7: 3f3ba076 | B7: 1001815858 | C7: 107 | D7: 45054 | E7: DIAZ ROJAS DAVINSON | F7: 6 | G7: PCC | H7: M | I7: M | J7: VESTIDOR HOMBRES | K7: Retiro por Extraccion de calculos
A8: 0e81f7b9 | B8: 1099368102 | C8: 185 | D8: 45054 | E8: SANCHEZ BERNAL SAULO EDUARDO | F8: 32 | G8: PCC | H8: L | I8: L | J8: VESTIDOR HOMBRES | K8: Retiro por Extraccion de calculos
A9: 7157b2e8 | B9: 1098722582 | C9: 145 | D9: 45056 | E9: FONSECA SILVA LUDYN GABRIELA | F9: 10 | G9: SST | H9: M | I9: M | J9: VESTIDOR MUJERES
A10: 4ea1cc91 | B10: 1543684 | C10: 064 | D10: 45057 | E10: CORDERO YAGUARAN CHARLE | F10: 5 | G10: LN | H10: M | I10: L | J10: VESTIDOR HOMBRES
A11: 53edf475 | B11: 1095819172 | C11: 119 | D11: 45069 | E11: RODRIGUEZ MARTINEZ IVAN ANDRÉS | F11: 13 | G11: LOG | H11: L | I11: L | J11: VESTIDOR HOMBRES
A12: 8d791b9c | B12: 2677781 | C12: 017 | D12: 45082 | E12: NARVÁEZ RONDON DOUGLAS EZEQUIEL | F12: 16 | G12: PCC | H12: M | I12: S | J12: VESTIDOR HOMBRES | K12: Renuncia voluntaria
A13: 589f9cc8 | B13: 12503914 | C13: 126 | D13: 45083 | E13: NIÑO FRANKLIN MANUEL | F13: 56 | G13: PCC | H13: M | I13: M | J13: VESTIDOR HOMBRES | K13: Retiro bajo rendimiento
A14: 81c0de94 | B14: 1066083139 | C14: 261 | D14: 45090 | E14: BONILLA PACHECO ANDRES FELIPE | F14: 22 | G14: LN | H14: M | I14: M | J14: VESTIDOR HOMBRES
A15: 7ce70d61 | B15: 1101204999 | C15: 300 | D15: 45093 | E15: CARRERO RINCON GONZALO STIVEL | F15: 15 | G15: LOG | H15: M | I15: M | J15: VESTIDOR HOMBRES
A16: d98eb1ce | B16: 1007688229 | C16: 019 | D16: 45098 | E16: PORTELA MAÑARA OSMAIDER | F16: 21 | G16: PCC | H16: XL | I16: XL | J16: VESTIDOR HOMBRES | K16: Renuncia voluntaria
A17: 00cef8c6 | B17: 1007439705 | C17: 160 | D17: 45103 | E17: BELLO BLANCO BEURY ALEXANDER | F17: 5 | G17: PCC | H17: L | I17: L | J17: VESTIDOR HOMBRES | K17: Renuncia voluntaria
A18: ada44c4e | B18: 1005478935 | C18: 093 | D18: 45104 | E18: HERNANDEZ MARIÑO ANDELFO | F18: 21 | G18: PCC | H18: L | I18: L | J18: VESTIDOR HOMBRES | K18: Renuncia voluntaria (no trabajo)
A19: cbabbc6f | B19: 91232589 | C19: 176 | D19: 45107 | E19: QUINTERO PIMENTEL JORGE | F19: 23 | G19: GG | H19: L | I19: L | J19: ADMINISTRACION
A20: 81b5fc82 | B20: 1095825899 | C20: 200 | D20: 45108 | E20: LAMUS HERNANDEZ FABIO ALONSO | F20: 14 | G20: CAL | H20: M | I20: M | J20: ADMINISTRACION
A21: af7ac927 | B21: 1232892334 | C21: 061 | D21: 45111 | E21: PALOMINO MARULANDA BRAYAN JAVIER | F21: 19 | G21: LYD | H21: M | I21: M | J21: VESTIDOR HOMBRES
A22: c70b949a | B22: 1095907091 | C22: 126 | D22: 45112 | E22: BLANCO SEPULVEDA IVAN ANDRES | F22: 15 | G22: LOG | H22: M | I22: M | J22: VESTIDOR HOMBRES
A23: 72dafde4 | B23: 1047450497 | C23: 226 | D23: 45115 | E23: REYES GOMEZ RAFAEL EDUARDO | F23: 36 | G23: PCC | H23: M | I23: M | J23: VESTIDOR HOMBRES | K23: Renuncia voluntaria
A24: 9c2c4f65 | B24: 1098716949 | C24: 204 | D24: 45118 | E24: PINZÓN PEDRAZA GERZON ANDRÉS | F24: 41 | G24: LN | H24: M | I24: M | J24: VESTIDOR HOMBRES
A25: a601d765 | B25: 1005371766 | C25: 129 | D25: 45124 | E25: VALDERRAMA PINEDA KEVIN STEVEN | F25: 57 | G25: PCC | H25: M | I25: M | J25: VESTIDOR HOMBRES | K25: Renuncia voluntaria (bajo rendimiento, consumo de drogas)
A26: 9f5ef897 | B26: 1098807906 | C26: 030 | D26: 45126 | E26: CANONIGO ORTIZ JESSICA PAOLA | F26: 6 | G26: CAL | H26: S | I26: S | J26: VESTIDOR MUJERES
A27: 48c61bc5 | B27: 1098815659 | C27: 007 | D27: 45126 | E27: GUIZA HERRERA YULI KATHERINE | F27: 8 | G27: CAL | H27: M | I27: S | J27: VESTIDOR MUJERES
A28: c0a06ed3 | B28: 1005339880 | C28: 002 | D28: 45128 | E28: DIAZ CANTILLO SAMIR ANDRES | F28: 50 | G28: LN | H28: S | I28: M | J28: VESTIDOR HOMBRES
A29: 2d1edc8f | B29: 1101695854 | C29: 097 | D29: 45133 | E29: BENAVIDES PABA NAVIN LEONARDIS | F29: 31 | G29: PCC | H29: L | I29: L | J29: VESTIDOR HOMBRES | K29: Renuncia voluntaria
A30: 8ed5d5d4 | B30: 1005040763 | C30: 187 | D30: 45140 | E30: GALVIS GALVIS EVER MILCIADES | F30: 22 | G30: LN | H30: M | I30: M | J30: VESTIDOR HOMBRES
A31: b4d02fe0 | B31: 1100893628 | C31: 005 | D31: 45141 | E31: GUERRERO ALMEIDA CRISTIAN JAVIER | F31: 2 | G31: LOG | H31: M | I31: M | J31: VESTIDOR HOMBRES
A32: a439e3aa | B32: 1095932394 | C32: 019 | D32: 45146 | E32: PARADA ORTEGA GUSTAVO ADOLFO | F32: 15 | G32: LOG | H32: XL | I32: XL | J32: VESTIDOR HOMBRES
A33: a2a58866 | B33: 1065577704 | C33: S001 | D33: 45150 | E33: MOYA MUÑOZ JHON ALBERTO | F33: 51 | G33: PCC | H33: S | I33: S | J33: VESTIDOR HOMBRES | K33: Retiro bajo rendimiento
A34: faee112a | B34: 1129485327 | C34: 063 | D34: 45153 | E34: ARIZA MOLINA DEIVIS MANUEL | F34: 21 | G34: PCC | H34: M | I34: M | J34: VESTIDOR HOMBRES | K34: Renuncia voluntaria (cambio de ambiente)
A35: 89970959 | B35: 1098751464 | C35: 105 | D35: 45153 | E35: SEPULVEDA MANRIQUE MISAEL | F35: 22 | G35: PCC | H35: M | I35: M | J35: VESTIDOR HOMBRES | K35: Renuncia voluntaria
A36: d3aebb8e | B36: 1098618560 | C36: 139 | D36: 45154 | E36: ARAQUE HERRERA DIEGO JAVIER | F36: 16 | G36: LOG | H36: XL | I36: XL | J36: VESTIDOR HOMBRES
A37: 482a95f9 | B37: 1005650539 | C37: 007 | D37: 45154 | E37: BOHÓRQUEZ CORREDOR LENNIS TATIANA | F37: 8 | G37: CAL | H37: S | I37: S | J37: VESTIDOR MUJERES
A38: 0ed839a1 | B38: 1098660541 | C38: 005 | D38: 45154 | E38: PINZON RUEDA ERIN JOHAN | F38: 15 | G38: LOG | H38: M | I38: M | J38: VESTIDOR HOMBRES
A39: 5ab81d8c | B39: 1006822494 | C39: 264 | D39: 45154 | E39: VILLAMIZAR URBINA OMAR ANDRES | F39: 47 | G39: PCC | H39: L | I39: L | J39: VESTIDOR HOMBRES | K39: Retiro imcumplimiento de BPM
A40: 3c8e1c81 | B40: 1007769879 | C40: 012 | D40: 45157 | E40: DIAZ LIZARAZO JHIMMI FABIAN | F40: 44 | G40: LN | H40: M | I40: M | J40: VESTIDOR HOMBRES
A41: 3708f05c | B41: 1095963764 | C41: 250 | D41: 45157 | E41: PABON ARAQUE JOSE YSAIAS | F41: 54 | G41: LN | H41: L | I41: L | J41: VESTIDOR HOMBRES
A42: d49d32d1 | B42: 1095950229 | C42: 210 | D42: 45166 | E42: SANCHEZ LONDOÑO JAIME ALEXANDER | F42: 21 | G42: LYD | H42: M | I42: M | J42: VESTIDOR HOMBRES
A43: e2a3ebc0 | B43: 1003335359 | C43: 183 | D43: 45170 | E43: ORTIZ CARRASCAL JOSE IGNACIO | F43: 21 | G43: LOG | H43: L | I43: L | J43: VESTIDOR HOMBRES
A44: 186a8c6c | B44: 1005280727 | C44: 097 | D44: 45173 | E44: ARIZA PAREDES JUAN SEBASTIAN | F44: 2 | G44: LOG | H44: L | I44: L | J44: VESTIDOR HOMBRES
A45: 53d38ad6 | B45: 1005272415 | C45: 052 | D45: 45173 | E45: AYALA ANGEL GIOVANNY | F45: 32 | G45: LN | H45: M | I45: L | J45: VESTIDOR HOMBRES
A46: 6ddb4990 | B46: 1007439697 | C46: 166 | D46: 45173 | E46: RODRIGUEZ PULIDO CAMILO | F46: 21 | G46: PCC | H46: M | I46: M | J46: VESTIDOR HOMBRES | K46: Renuncia bajo rendimiento
A47: d19fdc64 | B47: 1095943754 | C47: 113 | D47: 45176 | E47: CACUA RINCON JOSE GIOVANY | F47: 63 | G47: LN | H47: L | I47: L | J47: VESTIDOR HOMBRES
A48: e821a632 | B48: 1005156911 | C48: 230 | D48: 45176 | E48: DIAZ RAMIREZ GILBERT ABDON | F48: 61 | G48: LN | H48: M | I48: M | J48: VESTIDOR HOMBRES
A49: 35f3742c | B49: 1005108752 | C49: 149 | D49: 45176 | E49: GONZALES GARCÍA OSCAR ARLEY | F49: 22 | G49: SST | H49: M | I49: M | J49: ADMINISTRACION
A50: fe2ee47b | B50: 1098697292 | C50: 169 | D50: 45180 | E50: BAYONA RAMIREZ JAHIR STEVEN | F50: 35 | G50: PCC | H50: L | I50: L | J50: VESTIDOR HOMBRES | K50: Retiro por revuelta y imcumplimiento de horario
A51: 81b1260d | B51: 1007667600 | C51: 145 | D51: 45181 | E51: BRAVO SAJONERO ANDREA CAMILA | F51: 9 | G51: SST | H51: M | I51: M | J51: VESTIDOR MUJERES
A52: 4388a79c | B52: 1095827638 | C52: 052 | D52: 45181 | E52: DURAN AVILA ANDERSON HARLEY | F52: 15 | G52: LOG | H52: L | I52: L | J52: VESTIDOR HOMBRES
A53: 66fe13c2 | B53: 100437722 | C53: 005 | D53: 45183 | E53: REBOLLEDO BOLAÑO JULIO CESAR | F53: 27 | G53: LOG | H53: M | I53: M | J53: VESTIDOR HOMBRES
A54: 5167fcf0 | B54: 1005447475 | C54: 183 | D54: 45183 | E54: ROJAS EDINSON ANDRES | F54: 23 | G54: LOG | H54: L | I54: L | J54: VESTIDOR HOMBRES
A55: 947e263c | B55: 20772195 | C55: 020 | D55: 45184 | E55: ANZOÁTEGUI LARA DANIEL JACINTO | F55: 11 | G55: LN | H55: L | I55: L | J55: VESTIDOR HOMBRES
A56: ce48be1a | B56: 1098622425 | C56: 086 | D56: 45185 | E56: MENDEZ CALDERON JORGE ARMANDO | F56: 29 | G56: LN | H56: M | I56: M | J56: VESTIDOR HOMBRES
A57: 5639a0b6 | B57: 1098705695 | C57: 142 | D57: 45185 | E57: ROJAS HERNANDEZ VICTOR ALFONSO | F57: 16 | G57: PCC | H57: M | I57: M | J57: VESTIDOR HOMBRES | K57: Renuncia voluntaria
A58: 9593f6a2 | B58: 1101598119 | C58: 019 | D58: 45191 | E58: MEDINA HERNANDEZ WILSON EDUARDO | F58: 2 | G58: LOG | H58: L | I58: XL | J58: VESTIDOR HOMBRES
A59: 169dba21 | B59: 1100971152 | C59: 101 | D59: 45197 | E59: QUECHO LOZANO FABIAN ANDRES | F59: 28 | G59: CAL | H59: L | I59: L | J59: ADMINISTRACION
A60: d637f305 | B60: 1096243471 | C60: 201 | D60: 45197 | E60: REYES ALVAREZ JORGE ENRIQUE | F60: 24 | G60: CAL | H60: L | I60: L | J60: ADMINISTRACION
A61: 64a40914 | B61: 1110576442 | C61: 130 | D61: 45201 | E61: VALLEJO CAICEDO CRISTIAN ANDRÉS | F61: 5 | G61: LN | H61: M | I61: M | J61: VESTIDOR HOMBRES
A62: 22ab3533 | B62: 1232894792 | C62: 008 | D62: 45203 | E62: CHINCHILLA DIAZ JHON ROMARIO | F62: 21 | G62: LOG | H62: L | I62: L | J62: VESTIDOR HOMBRES | K62: tapa partida
A63: d4411991 | B63: 1102381907 | C63: 216 | D63: 45203 | E63: DURAN BURGOS OSCAR FERNANDO | F63: 3 | G63: CAL | H63: M | I63: M | J63: ADMINISTRACION
A64: 3d4f0d94 | B64: 1098612610 | C64: 074 | D64: 45205 | E64: GONZALEZ SUAREZ MANUEL FERNANDO | F64: 18 | G64: PCC | H64: M | I64: M | J64: VESTIDOR HOMBRES | K64: Retiro pelea con compañero
A65: b5a05cde | B65: 1095820357 | C65: 051 | D65: 45205 | E65: SUAREZ BLANCO LUIS EDUARDO | F65: 12 | G65: LN | H65: M | I65: M | J65: VESTIDOR HOMBRES
A66: 2eee6043 | B66: 1095950268 | C66: N/A | D66: 45216 | E66: PORTILLA ROZO ELIANA | F66: 20 | G66: CAL | H66: L | J66: VESTIDOR MUJERES
A67: 22d27f2f | B67: 1094840635 | C67: 036 | D67: 45220 | E67: FUENTES URIBE JOEL JOSUE | F67: 26 | G67: PCC | H67: M | I67: M | J67: VESTIDOR HOMBRES | K67: Renuncia salida del pais
A68: a2085acc | B68: 1064728458 | C68: 004 | D68: 45222 | E68: ROMERO PEREZ OSCAR EDUARDO | F68: 12 | G68: LOG | H68: M | I68: L | J68: VESTIDOR HOMBRES
A69: 64b815a8 | B69: 1234340651 | C69: 074 | D69: 45225 | E69: CEBALLOS SERRANO DIEGO ANDREY | F69: 5 | G69: LN | H69: M | I69: M | J69: VESTIDOR HOMBRES
A70: b245b3d4 | B70: 1065245775 | C70: P004 | D70: 45225 | E70: HURTADO QUINTERO ORLANDO AQUILES | F70: 32 | G70: PCC | H70: M | I70: M | J70: VESTIDOR HOMBRES | K70: Renuncia ausentismo
A71: e59adc23 | B71: 1005280634 | C71: 169 | D71: 45232 | E71: PATIÑO MUÑOZ BRAYAN STEVEN | F71: 12 | G71: LOG | H71: L | I71: L | J71: VESTIDOR HOMBRES
A72: 1114c5a9 | B72: 91535197 | C72: 036 | D72: 45237 | E72: SOTO MATEUS WILLIAM | F72: 22 | G72: PCC | H72: M | I72: M | J72: VESTIDOR HOMBRES | K72: Renuncia voluntaria (trabajo 1 dia)
A73: 210ef12b | B73: 5255222 | C73: 056 | D73: 45238 | E73: LINARES PALENCIA YOHENDRY JOSE | F73: 8 | G73: LOG | H73: L | I73: L | J73: VESTIDOR HOMBRES
A74: 299a450f | B74: 1005259277 | C74: 051 | D74: 45245 | E74: PRADA RUEDA ANDRES FELIPE | F74: 12 | G74: LN | H74: M | I74: M | J74: VESTIDOR HOMBRES
A75: 26b5aac4 | B75: 1095829622 | C75: 018 | D75: 45246 | E75: LANZZIANO DUARTE OMAR SNEIDER | F75: 15 | G75: LOG | H75: XL | I75: XL | J75: VESTIDOR HOMBRES
A76: 7fd2f2f3 | B76: 1098773168 | C76: 235 | D76: 45247 | E76: HERRERA RODRIGUEZ BRAYAM ANDREY | F76: 47 | G76: LN | H76: L | I76: L | J76: VESTIDOR HOMBRES | K76: Paso a laborar con asurcarnes
A77: aee01764 | B77: 1232888572 | C77: 012 | D77: 45247 | E77: SANDOVAL PEREZ ANDERSON JULIAN | F77: 22 | G77: LN | H77: M | I77: M | J77: VESTIDOR HOMBRES
A78: 4e5c439c | B78: 1142915174 | C78: 166 | D78: 45248 | E78: LEZAMA BAUTISTA JHON EDWIN | F78: 27 | G78: LN | H78: M | I78: M | J78: VESTIDOR HOMBRES
A79: 83e9ce7e | B79: 91541834 | C79: 103 | D79: 45248 | E79: MARULANDA MEJIA JOSE ANTONIO | F79: 37 | G79: PCC | H79: L | I79: L | J79: VESTIDOR HOMBRES | K79: Renuncia voluntaria (personal con recomendaciones)
A80: 6d56d229 | B80: 1098700957 | C80: 192 | D80: 45248 | E80: PARRA DURAN JAVIER ORLANDO | F80: 12 | G80: SST | H80: XXXL | I80: XXXL | J80: ADMINISTRACION
A81: b9bfb127 | B81: 1095821450 | C81: 126 | D81: 45251 | E81: QUIJANO ARAQUE JAIRO YESID | F81: 44 | G81: LN | H81: S | I81: M | J81: VESTIDOR HOMBRES
A82: 0a146c80 | B82: 1098765043 | C82: 086 | D82: 45253 | E82: BLANCO LOPEZ CARLOS DANIEL | F82: 11 | G82: LN | H82: M | I82: M | J82: VESTIDOR HOMBRES
A83: eea959aa | B83: 1091132102 | C83: 036 | D83: 45253 | E83: VERGEL MORENO BRAUNY MAURICIO | F83: 22 | G83: PCC | H83: M | I83: M | J83: VESTIDOR HOMBRES | K83: Renuncia voluntaria (trabajo 2 dia)
A84: b885cd23 | B84: 1004364659 | C84: 027 | D84: 45261 | E84: DAZA HERNANDEZ CARLOS DE JESUS | F84: 48 | G84: PCC | H84: L | I84: L | J84: VESTIDOR HOMBRES | K84: Renuncia voluntaria
A85: 5795a30d | B85: 1005329972 | C85: 063 | D85: 45261 | E85: SANCHEZ JUAN MANUEL | F85: 32 | G85: LN | H85: M | I85: M | J85: VESTIDOR HOMBRES
A86: f435c6cd | B86: 1005452210 | C86: 053 | D86: 45266 | E86: QUIROGA DUARTE DIEGO ALEXANDER | F86: 5 | G86: LOG | H86: L | I86: L | J86: VESTIDOR HOMBRES
A87: 4252c782 | B87: 1096538631 | C87: 107 | D87: 45267 | E87: CARVAJAL ARDILA JOHAN SEBASTIAN | F87: 6 | G87: PCC | H87: M | I87: M | J87: VESTIDOR HOMBRES | K87: Renuncia voluntaria
A88: 57988f62 | B88: 1005541986 | C88: 094 | D88: 45267 | E88: ROJAS MORENO JEFERSON STIVEN | F88: 12 | G88: LN | H88: XL | I88: XL | J88: VESTIDOR HOMBRES
A89: fbf8e181 | B89: 1050920056 | C89: 147 | D89: 45271 | E89: FLOREZ BADILLO ANDRES MAURICIO | F89: 31 | G89: LN | H89: M | I89: L | J89: VESTIDOR HOMBRES
A90: 93f58fb0 | B90: 1095817542 | C90: 076 | D90: 45272 | E90: GALVIS DIAZ BRAYAN SNEYDER | F90: 19 | G90: PCC | H90: M | I90: M | J90: VESTIDOR HOMBRES | K90: Renuncia voluntaria (asistomatico)
A91: 9aa495a2 | B91: 1063482428 | C91: 230 | D91: 45272 | E91: SALAS JIMÉNEZ CAMILO JESUS | F91: 18 | G91: PCC | H91: M | I91: M | J91: VESTIDOR HOMBRES | K91: Renuncia bajo rendimiento
A92: 253f5789 | B92: 1005371592 | C92: 194 | D92: 45274 | E92: GUTIERREZ MUÑOZ LUIS MIGUEL | F92: 8 | G92: LOG | H92: XL | I92: XL | J92: VESTIDOR HOMBRES
A93: 1a5eac28 | B93: 5425331 | C93: 012 | D93: 45286 | E93: CARRILLO FAMA JESUS YOEL | F93: 6 | G93: PCC | H93: M | I93: M | J93: VESTIDOR HOMBRES | K93: Renuncia voluntaria (trabajo 1 dia)
A94: 1d16448a | B94: 1193567011 | C94: 024 | D94: 45286 | E94: MALAGON GAMEZ ANDERSON RONALDO | F94: 8 | G94: TIC | H94: S | I94: S | J94: ADMINISTRACION
A95: f9407c21 | B95: 1094962899 | C95: 226 | D95: 45286 | E95: VILLA CORTES JUAN DIEGO | F95: 36 | G95: PCC | H95: M | I95: M | J95: VESTIDOR HOMBRES | K95: Renuncia voluntaria (trabajo 3 dias)
A96: 5ae1ac79 | B96: 1095917873 | C96: 230 | D96: 45288 | E96: AMARIS VEGA DEIVIS | F96: 18 | G96: PCC | H96: M | I96: M | J96: VESTIDOR HOMBRES | K96: Renuncia voluntaria (trabajo 1 dia)
A97: 37ee0ee3 | B97: 80842536 | C97: 076 | D97: 45290 | E97: MARTINEZ RAMIREZ MARIO ALEXANDER | F97: 31 | G97: LN | H97: M | I97: M | J97: VESTIDOR HOMBRES
A98: 16010243 | B98: 18974435 | C98: 085 | D98: 45290 | E98: ROMERO BERRUECO DAIRO DARIO | F98: 38 | G98: PCC | H98: L | I98: L | J98: VESTIDOR HOMBRES | K98: Renuncia voluntaria (desacuerdo con bonificacion cabezas)
A99: 6d4b7301 | B99: 1102362432 | C99: 250 | D99: 45294 | E99: CARVAJAL ORDUZ JULIÁN ANDRES | F99: 49 | G99: LN | H99: L | I99: L | J99: VESTIDOR HOMBRES
A100: aca52516 | B100: 1095909053 | C100: 149 | D100: 45295 | E100: DELGADO RUEDA DANIEL RICARDO | F100: 8 | G100: LOG | H100: M | I100: M | J100: VESTIDOR HOMBRES
...

Sheet PERSONAL
A1: ID PERSONAL | B1: Operario | C1: identificacion | D1: Area | E1: Talla | F1: Area de Lockers | G1: IMAGEN | H1: estado
H2: =IF($B2="","",IF($B2="TRANSCARNES","ACTIVO",IF(COUNTIF(RETIROS!E:E,$B2)=1,"PENDIENTE ELIMINAR",IF(COUNTIFS(ASIGNACIONES!$D:$D,$B2,ASIGNACIONES!$I:$I,E2,ASIGNACIONES!$H:$H,$D2,ASIGNACIONES!$K:$K,$F2)=0,"NUEVO","ACTIVO"))))
A3: 00d792fa | B3: BECERRA JAIMES DIEGO ARMANDO | C3: 1098724961 | D3: LN | E3: S | F3: VESTIDOR HOMBRES | H3: =IF($B3="","",IF($B3="TRANSCARNES","ACTIVO",IF(COUNTIF(RETIROS!E:E,$B3)=1,"PENDIENTE ELIMINAR",IF(COUNTIFS(ASIGNACIONES!$D:$D,$B3,ASIGNACIONES!$I:$I,E3,ASIGNACIONES!$H:$H,$D3,ASIGNACIONES!$K:$K,$F3)=0,"NUEVO","ACTIVO")))) -> ACTIVO
A4: 01142ded | B4: RODRIGUEZ LIZCANO EDINSON FERNEY | C4: 1099622755 | D4: CAL | E4: M | F4: VESTIDOR HOMBRES | H4: =IF($B4="","",IF($B4="TRANSCARNES","ACTIVO",IF(COUNTIF(RETIROS!E:E,$B4)=1,"PENDIENTE ELIMINAR",IF(COUNTIFS(ASIGNACIONES!$D:$D,$B4,ASIGNACIONES!$I:$I,E4,ASIGNACIONES!$H:$H,$D4,ASIGNACIONES!$K:$K,$F4)=0,"NUEVO","ACTIVO")))) -> ACTIVO
A5: 0464dd16 | B5: ASURCARNES JAVIER RINCON | C5: 1234 | D5: EXT | E5: M | F5: VESTIDOR HOMBRES | H5: =IF($B5="","",IF($B5="TRANSCARNES","ACTIVO",IF(COUNTIF(RETIROS!E:E,$B5)=1,"PENDIENTE ELIMINAR",IF(COUNTIFS(ASIGNACIONES!$D:$D,$B5,ASIGNACIONES!$I:$I,E5,ASIGNACIONES!$H:$H,$D5,ASIGNACIONES!$K:$K,$F5)=0,"NUEVO","ACTIVO")))) -> ACTIVO
A7: 09d054ef | B7: ANTON RODRÍGUEZ HECTOR LUIS | C7: 4588561 | D7: PCC | E7: L | F7: VESTIDOR HOMBRES | H7: =IF($B7="","",IF($B7="TRANSCARNES","ACTIVO",IF(COUNTIF(RETIROS!E:E,$B7)=1,"PENDIENTE ELIMINAR",IF(COUNTIFS(ASIGNACIONES!$D:$D,$B7,ASIGNACIONES!$I:$I,E7,ASIGNACIONES!$H:$H,$D7,ASIGNACIONES!$K:$K,$F7)=0,"NUEVO","ACTIVO")))) -> ACTIVO
A8: 0c4f0940 | B8: MANTENIMIENTO2 | C8: N/A | D8: MTTO | E8: S-M-L-XL | F8: ADMINISTRACION | H8: =IF($B8="","",IF($B8="TRANSCARNES","ACTIVO",IF(COUNTIF(RETIROS!E:E,$B8)=1,"PENDIENTE ELIMINAR",IF(COUNTIFS(ASIGNACIONES!$D:$D,$B8,ASIGNACIONES!$I:$I,E8,ASIGNACIONES!$H:$H,$D8,ASIGNACIONES!$K:$K,$F8)=0,"NUEVO","ACTIVO")))) -> ACTIVO
A10: 10 | B10: PACHECO MANRIQUE ANDRES FELIPE | C10: 1005346356 | D10: LN | E10: M | F10: VESTIDOR HOMBRES | H10: =IF($B10="","",IF($B10="TRANSCARNES","ACTIVO",IF(COUNTIF(RETIROS!E:E,$B10)=1,"PENDIENTE ELIMINAR",IF(COUNTIFS(ASIGNACIONES!$D:$D,$B10,ASIGNACIONES!$I:$I,E10,ASIGNACIONES!$H:$H,$D10,ASIGNACIONES!$K:$K,$F10)=0,"NUEVO","ACTIVO")))) -> ACTIVO
A11: 104 | B11: AGON PEDRAZA JAIRO FABIAN | C11: 1007679366 | D11: PCC | E11: M | F11: VESTIDOR HOMBRES | H11: =IF($B11="","",IF($B11="TRANSCARNES","ACTIVO",IF(COUNTIF(RETIROS!E:E,$B11)=1,"PENDIENTE ELIMINAR",IF(COUNTIFS(ASIGNACIONES!$D:$D,$B11,ASIGNACIONES!$I:$I,E11,ASIGNACIONES!$H:$H,$D11,ASIGNACIONES!$K:$K,$F11)=0,"NUEVO","ACTIVO")))) -> ACTIVO
A13: 107 | B13: IBARRA MOLINA JEAN CARLOS | C13: 1100976668 | D13: LN | E13: M | F13: VESTIDOR HOMBRES | H13: =IF($B13="","",IF($B13="TRANSCARNES","ACTIVO",IF(COUNTIF(RETIROS!E:E,$B13)=1,"PENDIENTE ELIMINAR",IF(COUNTIFS(ASIGNACIONES!$D:$D,$B13,ASIGNACIONES!$I:$I,E13,ASIGNACIONES!$H:$H,$D13,ASIGNACIONES!$K:$K,$F13)=0,"NUEVO","ACTIVO")))) -> ACTIVO
A14: 112 | B14: CARDENAS MELENDES JHON FREDY | C14: 91159389 | D14: LN | E14: L | F14: VESTIDOR HOMBRES | H14: =IF($B14="","",IF($B14="TRANSCARNES","ACTIVO",IF(COUNTIF(RETIROS!E:E,$B14)=1,"PENDIENTE ELIMINAR",IF(COUNTIFS(ASIGNACIONES!$D:$D,$B14,ASIGNACIONES!$I:$I,E14,ASIGNACIONES!$H:$H,$D14,ASIGNACIONES!$K:$K,$F14)=0,"NUEVO","ACTIVO")))) -> ACTIVO
A15: 113 | B15: MOGOLLON HERRENO JHON FREDY | C15: 1098706254 | D15: LN | E15: L | F15: VESTIDOR HOMBRES | H15: =IF($B15="","",IF($B15="TRANSCARNES","ACTIVO",IF(COUNTIF(RETIROS!E:E,$B15)=1,"PENDIENTE ELIMINAR",IF(COUNTIFS(ASIGNACIONES!$D:$D,$B15,ASIGNACIONES!$I:$I,E15,ASIGNACIONES!$H:$H,$D15,ASIGNACIONES!$K:$K,$F15)=0,"NUEVO","ACTIVO")))) -> ACTIVO
A17: 115 | B17: VARGAS OSSES JHON ELKIN | C17: 1012363759 | D17: LOG | E17: L | F17: VESTIDOR HOMBRES | H17: =IF($B17="","",IF($B17="TRANSCARNES","ACTIVO",IF(COUNTIF(RETIROS!E:E,$B17)=1,"PENDIENTE ELIMINAR",IF(COUNTIFS(ASIGNACIONES!$D:$D,$B17,ASIGNACIONES!$I:$I,E17,ASIGNACIONES!$H:$H,$D17,ASIGNACIONES!$K:$K,$F17)=0,"NUEVO","ACTIVO")))) -> ACTIVO
A19: 119 | B19: GOMEZ GRATEROL JORGE ANDRES | C19: 1140417725 | D19: PCC | E19: S | F19: VESTIDOR HOMBRES | H19: =IF($B19="","",IF($B19="TRANSCARNES","ACTIVO",IF(COUNTIF(RETIROS!E:E,$B19)=1,"PENDIENTE ELIMINAR",IF(COUNTIFS(ASIGNACIONES!$D:$D,$B19,ASIGNACIONES!$I:$I,E19,ASIGNACIONES!$H:$H,$D19,ASIGNACIONES!$K:$K,$F19)=0,"NUEVO","ACTIVO")))) -> ACTIVO
A20: 121 | B20: TORRES JORGE ELIECER | C20: 91294734 | D20: LYD | E20: M | F20: VESTIDOR HOMBRES | H20: =IF($B20="","",IF($B20="TRANSCARNES","ACTIVO",IF(COUNTIF(RETIROS!E:E,$B20)=1,"PENDIENTE ELIMINAR",IF(COUNTIFS(ASIGNACIONES!$D:$D,$B20,ASIGNACIONES!$I:$I,E20,ASIGNACIONES!$H:$H,$D20,ASIGNACIONES!$K:$K,$F20)=0,"NUEVO","ACTIVO")))) -> ACTIVO
A21: 124 | B21: BAUTISTA CRUZ JOSE DANIEL | C21: 1090520256 | D21: LYD | E21: M | F21: VESTIDOR HOMBRES | H21: =IF($B21="","",IF($B21="TRANSCARNES","ACTIVO",IF(COUNTIF(RETIROS!E:E,$B21)=1,"PENDIENTE ELIMINAR",IF(COUNTIFS(ASIGNACIONES!$D:$D,$B21,ASIGNACIONES!$I:$I,E21,ASIGNACIONES!$H:$H,$D21,ASIGNACIONES!$K:$K,$F21)=0,"NUEVO","ACTIVO")))) -> ACTIVO
A23: 139 | B23: CORREA MANRIQUE LEONARDO | C23: 1100891753 | D23: LYD | E23: L | F23: VESTIDOR HOMBRES | H23: =IF($B23="","",IF($B23="TRANSCARNES","ACTIVO",IF(COUNTIF(RETIROS!E:E,$B23)=1,"PENDIENTE ELIMINAR",IF(COUNTIFS(ASIGNACIONES!$D:$D,$B23,ASIGNACIONES!$I:$I,E23,ASIGNACIONES!$H:$H,$D23,ASIGNACIONES!$K:$K,$F23)=0,"NUEVO","ACTIVO")))) -> ACTIVO
A25: 141 | B25: LIZCANO MARTINEZ ISIDRO | C25: 91275933 | D25: PCC | E25: M | F25: VESTIDOR HOMBRES | H25: =IF($B25="","",IF($B25="TRANSCARNES","ACTIVO",IF(COUNTIF(RETIROS!E:E,$B25)=1,"PENDIENTE ELIMINAR",IF(COUNTIFS(ASIGNACIONES!$D:$D,$B25,ASIGNACIONES!$I:$I,E25,ASIGNACIONES!$H:$H,$D25,ASIGNACIONES!$K:$K,$F25)=0,"NUEVO","ACTIVO")))) -> ACTIVO
... A30: 150 | B30: MANTENIMIENTO | C30: N/A | D30: MTTO | E30: S-M-L-XL | F30: ADMINISTRACION | H30: =IF($B30="","",IF($B30="TRANSCARNES","ACTIVO",IF(COUNTIF(RETIROS!E:E,$B30)=1,"PENDIENTE ELIMINAR",IF(COUNTIFS(ASIGNACIONES!$D:$D,$B30,ASIGNACIONES!$I:$I,E30,ASIGNACIONES!$H:$H,$D30,ASIGNACIONES!$K:$K,$F30)=0,"NUEVO","ACTIVO")))) -> ACTIVO
A31: 15193dc6 | B31: PABON SERRANO ANDERSON | C31: 1091132817 | D31: LN | E31: M | F31: VESTIDOR HOMBRES | H31: =IF($B31="","",IF($B31="TRANSCARNES","ACTIVO",IF(COUNTIF(RETIROS!E:E,$B31)=1,"PENDIENTE ELIMINAR",IF(COUNTIFS(ASIGNACIONES!$D:$D,$B31,ASIGNACIONES!$I:$I,E31,ASIGNACIONES!$H:$H,$D31,ASIGNACIONES!$K:$K,$F31)=0,"NUEVO","ACTIVO")))) -> ACTIVO
A32: 152 | B32: MANZANO LIZARAZO MANZUR NAIN | C32: 1098718985 | D32: LYD | E32: XXL | F32: VESTIDOR HOMBRES | H32: =IF($B32="","",IF($B32="TRANSCARNES","ACTIVO",IF(COUNTIF(RETIROS!E:E,$B32)=1,"PENDIENTE ELIMINAR",IF(COUNTIFS(ASIGNACIONES!$D:$D,$B32,ASIGNACIONES!$I:$I,E32,ASIGNACIONES!$H:$H,$D32,ASIGNACIONES!$K:$K,$F32)=0,"NUEVO","ACTIVO")))) -> PENDIENTE ELIMINAR
A34: 154 | B34: ORDUZ SOLANO MARLON ALEXIS | C34: 1098743062 | D34: ADM | E34: L | F34: ADMINISTRACION | H34: =IF($B34="","",IF($B34="TRANSCARNES","ACTIVO",IF(COUNTIF(RETIROS!E:E,$B34)=1,"PENDIENTE ELIMINAR",IF(COUNTIFS(ASIGNACIONES!$D:$D,$B34,ASIGNACIONES!$I:$I,E34,ASIGNACIONES!$H:$H,$D34,ASIGNACIONES!$K:$K,$F34)=0,"NUEVO","ACTIVO")))) -> ACTIVO
A36: 15cae5f5 | B36: RIVERA GOMEZ CAMILO ANDRÉS | C36: 1001920490 | D36: PCC | E36: M | F36: VESTIDOR HOMBRES | H36: =IF($B36="","",IF($B36="TRANSCARNES","ACTIVO",IF(COUNTIF(RETIROS!E:E,$B36)=1,"PENDIENTE ELIMINAR",IF(COUNTIFS(ASIGNACIONES!$D:$D,$B36,ASIGNACIONES!$I:$I,E36,ASIGNACIONES!$H:$H,$D36,ASIGNACIONES!$K:$K,$F36)=0,"NUEVO","ACTIVO")))) -> ACTIVO
A37: 160 | B37: AFANADOR PINEDA NELSON | C37: 1102368534 | D37: LN | E37: S | F37: VESTIDOR HOMBRES | H37: =IF($B37="","",IF($B37="TRANSCARNES","ACTIVO",IF(COUNTIF(RETIROS!E:E,$B37)=1,"PENDIENTE ELIMINAR",IF(COUNTIFS(ASIGNACIONES!$D:$D,$B37,ASIGNACIONES!$I:$I,E37,ASIGNACIONES!$H:$H,$D37,ASIGNACIONES!$K:$K,$F37)=0,"NUEVO","ACTIVO")))) -> ACTIVO
A39: 163 | B39: RAMIREZ VARGAS OLINTO | C39: 91176452 | D39: LN | E39: L | F39: VESTIDOR HOMBRES | H39: =IF($B39="","",IF($B39="TRANSCARNES","ACTIVO",IF(COUNTIF(RETIROS!E:E,$B39)=1,"PENDIENTE ELIMINAR",IF(COUNTIFS(ASIGNACIONES!$D:$D,$B39,ASIGNACIONES!$I:$I,E39,ASIGNACIONES!$H:$H,$D39,ASIGNACIONES!$K:$K,$F39)=0,"NUEVO","ACTIVO")))) -> ACTIVO
A40: 164 | B40: OLIVERA FLORES JOSE GABRIEL | C40: 72342162 | D40: PCC | E40: L | F40: VESTIDOR HOMBRES | H40: =IF($B40="","",IF($B40="TRANSCARNES","ACTIVO",IF(COUNTIF(RETIROS!E:E,$B40)=1,"PENDIENTE ELIMINAR",IF(COUNTIFS(ASIGNACIONES!$D:$D,$B40,ASIGNACIONES!$I:$I,E40,ASIGNACIONES!$H:$H,$D40,ASIGNACIONES!$K:$K,$F40)=0,"NUEVO","ACTIVO")))) -> ACTIVO
A41: 168 | B41: PABON ARAQUE OCTAVIO | C41: 91506805 | D41: PCC | E41: L | F41: VESTIDOR HOMBRES | H41: =IF($B41="","",IF($B41="TRANSCARNES","ACTIVO",IF(COUNTIF(RETIROS!E:E,$B41)=1,"PENDIENTE ELIMINAR",IF(COUNTIFS(ASIGNACIONES!$D:$D,$B41,ASIGNACIONES!$I:$I,E41,ASIGNACIONES!$H:$H,$D41,ASIGNACIONES!$K:$K,$F41)=0,"NUEVO","ACTIVO")))) -> ACTIVO
A42: 169 | B42: ESTUPIÑAN VELANDIA PEDRO FELIPE | C42: 1104184702 | D42: CAL | E42: XXL | F42: ADMINISTRACION | H42: =IF($B42="","",IF($B42="TRANSCARNES","ACTIVO",IF(COUNTIF(RETIROS!E:E,$B42)=1,"PENDIENTE ELIMINAR",IF(COUNTIFS(ASIGNACIONES!$D:$D,$B42,ASIGNACIONES!$I:$I,E42,ASIGNACIONES!$H:$H,$D42,ASIGNACIONES!$K:$K,$F42)=0,"NUEVO","ACTIVO")))) -> ACTIVO
A44: 175 | B44: REYES SISA VICTOR ALFONSO | C44: 1098741455 | D44: PCC | E44: L | F44: VESTIDOR HOMBRES | H44: =IF($B44="","",IF($B44="TRANSCARNES","ACTIVO",IF(COUNTIF(RETIROS!E:E,$B44)=1,"PENDIENTE ELIMINAR",IF(COUNTIFS(ASIGNACIONES!$D:$D,$B44,ASIGNACIONES!$I:$I,E44,ASIGNACIONES!$H:$H,$D44,ASIGNACIONES!$K:$K,$F44)=0,"NUEVO","ACTIVO")))) -> ACTIVO
A45: 176 | B45: RINCON TORRES JAVIER ENRIQUE | C45: 91185275 | D45: PCC | E45: XXL | F45: VESTIDOR HOMBRES | H45: =IF($B45="","",IF($B45="TRANSCARNES","ACTIVO",IF(COUNTIF(RETIROS!E:E,$B45)=1,"PENDIENTE ELIMINAR",IF(COUNTIFS(ASIGNACIONES!$D:$D,$B45,ASIGNACIONES!$I:$I,E45,ASIGNACIONES!$H:$H,$D45,ASIGNACIONES!$K:$K,$F45)=0,"NUEVO","ACTIVO")))) -> ACTIVO
A46: 177 | B46: RIVERA COLMENARES JHON NEIDER | C46: 1066093880 | D46: PCC | E46: S | F46: VESTIDOR HOMBRES | H46: =IF($B46="","",IF($B46="TRANSCARNES","ACTIVO",IF(COUNTIF(RETIROS!E:E,$B46)=1,"PENDIENTE ELIMINAR",IF(COUNTIFS(ASIGNACIONES!$D:$D,$B46,ASIGNACIONES!$I:$I,E46,ASIGNACIONES!$H:$H,$D46,ASIGNACIONES!$K:$K,$F46)=0,"NUEVO","ACTIVO")))) -> ACTIVO
A47: 18 | B47: BOTHIA RAMIREZ OMAR | C47: 13542099 | D47: PCC | E47: M | F47: VESTIDOR HOMBRES | H47: =IF($B47="","",IF($B47="TRANSCARNES","ACTIVO",IF(COUNTIF(RETIROS!E:E,$B47)=1,"PENDIENTE ELIMINAR",IF(COUNTIFS(ASIGNACIONES!$D:$D,$B47,ASIGNACIONES!$I:$I,E47,ASIGNACIONES!$H:$H,$D47,ASIGNACIONES!$K:$K,$F47)=0,"NUEVO","ACTIVO")))) -> ACTIVO
A48: 181 | B48: ROBLES BELEÑO RONALDO | C48: 1098805526 | D48: LN | E48: XL | F48: VESTIDOR HOMBRES | H48: =IF($B48="","",IF($B48="TRANSCARNES","ACTIVO",IF(COUNTIF(RETIROS!E:E,$B48)=1,"PENDIENTE ELIMINAR",IF(COUNTIFS(ASIGNACIONES!$D:$D,$B48,ASIGNACIONES!$I:$I,E48,ASIGNACIONES!$H:$H,$D48,ASIGNACIONES!$K:$K,$F48)=0,"NUEVO","ACTIVO")))) -> ACTIVO
A49: 193 | B49: ROMERO PEDRAZA SERGIO OMAR | C49: 1098738467 | D49: LN | E49: L | F49: ADMINISTRACION | H49: =IF($B49="","",IF($B49="TRANSCARNES","ACTIVO",IF(COUNTIF(RETIROS!E:E,$B49)=1,"PENDIENTE ELIMINAR",IF(COUNTIFS(ASIGNACIONES!$D:$D,$B49,ASIGNACIONES!$I:$I,E49,ASIGNACIONES!$H:$H,$D49,ASIGNACIONES!$K:$K,$F49)=0,"NUEVO","ACTIVO")))) -> ACTIVO
A50: 195 | B50: SILVA QUIJANO ANDERSON JULIAN | C50: 1005334196 | D50: PCC | E50: M | F50: VESTIDOR HOMBRES | H50: =IF($B50="","",IF($B50="TRANSCARNES","ACTIVO",IF(COUNTIF(RETIROS!E:E,$B50)=1,"PENDIENTE ELIMINAR",IF(COUNTIFS(ASIGNACIONES!$D:$D,$B50,ASIGNACIONES!$I:$I,E50,ASIGNACIONES!$H:$H,$D50,ASIGNACIONES!$K:$K,$F50)=0,"NUEVO","ACTIVO")))) -> ACTIVO
A51: 198 | B51: TRANSCARNES | C51: N/A | D51: EXT | E51: N/A | F51: VESTIDOR HOMBRES | H51: =IF($B51="","",IF($B51="TRANSCARNES","ACTIVO",IF(COUNTIF(RETIROS!E:E,$B51)=1,"PENDIENTE ELIMINAR",IF(COUNTIFS(ASIGNACIONES!$D:$D,$B51,ASIGNACIONES!$I:$I,E51,ASIGNACIONES!$H:$H,$D51,ASIGNACIONES!$K:$K,$F51)=0,"NUEVO","ACTIVO")))) -> ACTIVO
A52: 199 | B52: CARDENAS CAICEDO URIEL | C52: 13748778 | D52: LN | E52: M | F52: VESTIDOR HOMBRES | H52: =IF($B52="","",IF($B52="TRANSCARNES","ACTIVO",IF(COUNTIF(RETIROS!E:E,$B52)=1,"PENDIENTE ELIMINAR",IF(COUNTIFS(ASIGNACIONES!$D:$D,$B52,ASIGNACIONES!$I:$I,E52,ASIGNACIONES!$H:$H,$D52,ASIGNACIONES!$K:$K,$F52)=0,"NUEVO","ACTIVO")))) -> ACTIVO
A53: 1eaddc53 | B53: PADILLA BRIEVA MILEXANDE | C53: 1042436560 | D53: LN | E53: M | F53: VESTIDOR HOMBRES | H53: =IF($B53="","",IF($B53="TRANSCARNES","ACTIVO",IF(COUNTIF(RETIROS!E:E,$B53)=1,"PENDIENTE ELIMINAR",IF(COUNTIFS(ASIGNACIONES!$D:$D,$B53,ASIGNACIONES!$I:$I,E53,ASIGNACIONES!$H:$H,$D53,ASIGNACIONES!$K:$K,$F53)=0,"NUEVO","ACTIVO")))) -> ACTIVO
A54: 1f3776b4 | B54: BALLESTEROS NUÑEZ DERSO | C54: 1092671213 | D54: LN | E54: M | F54: VESTIDOR HOMBRES | H54: =IF($B54="","",IF($B54="TRANSCARNES","ACTIVO",IF(COUNTIF(RETIROS!E:E,$B54)=1,"PENDIENTE ELIMINAR",IF(COUNTIFS(ASIGNACIONES!$D:$D,$B54,ASIGNACIONES!$I:$I,E54,ASIGNACIONES!$H:$H,$D54,ASIGNACIONES!$K:$K,$F54)=0,"NUEVO","ACTIVO")))) -> ACTIVO
A55: 1f79e196 | B55: RINCÓN DIAZ MILKIN YESID | C55: 1005449415 | D55: LOG | E55: L | F55: VESTIDOR HOMBRES | H55: =IF($B55="","",IF($B55="TRANSCARNES","ACTIVO",IF(COUNTIF(RETIROS!E:E,$B55)=1,"PENDIENTE ELIMINAR",IF(COUNTIFS(ASIGNACIONES!$D:$D,$B55,ASIGNACIONES!$I:$I,E55,ASIGNACIONES!$H:$H,$D55,ASIGNACIONES!$K:$K,$F55)=0,"NUEVO","ACTIVO")))) -> ACTIVO
A56: 1f8a1c87 | B56: BARRIOS RUIZ MIGUEL ANGEL | C56: 1098740267 | D56: LOG | E56: XL | F56: VESTIDOR HOMBRES | H56: =IF($B56="","",IF($B56="TRANSCARNES","ACTIVO",IF(COUNTIF(RETIROS!E:E,$B56)=1,"PENDIENTE ELIMINAR",IF(COUNTIFS(ASIGNACIONES!$D:$D,$B56,ASIGNACIONES!$I:$I,E56,ASIGNACIONES!$H:$H,$D56,ASIGNACIONES!$K:$K,$F56)=0,"NUEVO","ACTIVO")))) -> ACTIVO
A57: 20 | B57: LOPEZ PEREZ BRAYAN ENRIQUE | C57: 1094579631 | D57: CAL | E57: M | F57: ADMINISTRACION | H57: =IF($B57="","",IF($B57="TRANSCARNES","ACTIVO",IF(COUNTIF(RETIROS!E:E,$B57)=1,"PENDIENTE ELIMINAR",IF(COUNTIFS(ASIGNACIONES!$D:$D,$B57,ASIGNACIONES!$I:$I,E57,ASIGNACIONES!$H:$H,$D57,ASIGNACIONES!$K:$K,$F57)=0,"NUEVO","ACTIVO")))) -> ACTIVO
A58: 200 | B58: VERA BUITRAGO EDISON DAYAN | C58: 91533211 | D58: PCC | E58: L | F58: VESTIDOR HOMBRES | H58: =IF($B58="","",IF($B58="TRANSCARNES","ACTIVO",IF(COUNTIF(RETIROS!E:E,$B58)=1,"PENDIENTE ELIMINAR",IF(COUNTIFS(ASIGNACIONES!$D:$D,$B58,ASIGNACIONES!$I:$I,E58,ASIGNACIONES!$H:$H,$D58,ASIGNACIONES!$K:$K,$F58)=0,"NUEVO","ACTIVO")))) -> ACTIVO
A59: 202 | B59: CANCINO WILMAR JAVIER | C59: 91347680 | D59: LN | E59: XL | F59: VESTIDOR HOMBRES | H59: =IF($B59="","",IF($B59="TRANSCARNES","ACTIVO",IF(COUNTIF(RETIROS!E:E,$B59)=1,"PENDIENTE ELIMINAR",IF(COUNTIFS(ASIGNACIONES!$D:$D,$B59,ASIGNACIONES!$I:$I,E59,ASIGNACIONES!$H:$H,$D59,ASIGNACIONES!$K:$K,$F59)=0,"NUEVO","ACTIVO")))) -> ACTIVO
A60: 205 | B60: ASURCARNES BRAYAN HERRERA | C60: N/A | D60: ASUR | E60: L | F60: ADMINISTRACION | H60: =IF($B60="","",IF($B60="TRANSCARNES","ACTIVO",IF(COUNTIF(RETIROS!E:E,$B60)=1,"PENDIENTE ELIMINAR",IF(COUNTIFS(ASIGNACIONES!$D:$D,$B60,ASIGNACIONES!$I:$I,E60,ASIGNACIONES!$H:$H,$D60,ASIGNACIONES!$K:$K,$F60)=0,"NUEVO","ACTIVO")))) -> ACTIVO
A61: 207 | B61: CORTES NINO YENSON ERNESTO | C61: 91466133 | D61: LN | E61: L | F61: VESTIDOR HOMBRES | H61: =IF($B61="","",IF($B61="TRANSCARNES","ACTIVO",IF(COUNTIF(RETIROS!E:E,$B61)=1,"PENDIENTE ELIMINAR",IF(COUNTIFS(ASIGNACIONES!$D:$D,$B61,ASIGNACIONES!$I:$I,E61,ASIGNACIONES!$H:$H,$D61,ASIGNACIONES!$K:$K,$F61)=0,"NUEVO","ACTIVO")))) -> ACTIVO
A63: 209 | B63: RUBIANO LEMUS YUDY ANDREA | C63: 63560912 | D63: CAL | E63: M | F63: VESTIDOR MUJERES | H63: =IF($B63="","",IF($B63="TRANSCARNES","ACTIVO",IF(COUNTIF(RETIROS!E:E,$B63)=1,"PENDIENTE ELIMINAR",IF(COUNTIFS(ASIGNACIONES!$D:$D,$B63,ASIGNACIONES!$I:$I,E63,ASIGNACIONES!$H:$H,$D63,ASIGNACIONES!$K:$K,$F63)=0,"NUEVO","ACTIVO")))) -> ACTIVO
A64: 21a3bf85 | B64: PEÑA ARENAS PEDRO ARMANDO | C64: 1005539482 | D64: LYD | E64: L | F64: VESTIDOR HOMBRES | H64: =IF($B64="","",IF($B64="TRANSCARNES","ACTIVO",IF(COUNTIF(RETIROS!E:E,$B64)=1,"PENDIENTE ELIMINAR",IF(COUNTIFS(ASIGNACIONES!$D:$D,$B64,ASIGNACIONES!$I:$I,E64,ASIGNACIONES!$H:$H,$D64,ASIGNACIONES!$K:$K,$F64)=0,"NUEVO","ACTIVO")))) -> ACTIVO
A65: 240f272f | B65: ARRIETA MORENO JUAN DAVID | C65: 1095914235 | D65: PCC | E65: M | F65: VESTIDOR HOMBRES | H65: =IF($B65="","",IF($B65="TRANSCARNES","ACTIVO",IF(COUNTIF(RETIROS!E:E,$B65)=1,"PENDIENTE ELIMINAR",IF(COUNTIFS(ASIGNACIONES!$D:$D,$B65,ASIGNACIONES!$I:$I,E65,ASIGNACIONES!$H:$H,$D65,ASIGNACIONES!$K:$K,$F65)=0,"NUEVO","ACTIVO")))) -> ACTIVO
A72: 367f61a1 | B72: SANTERO SUAREZ EVELIO | C72: 1100340174 | D72: LOG | E72: L | F72: VESTIDOR HOMBRES | H72: =IF($B72="","",IF($B72="TRANSCARNES","ACTIVO",IF(COUNTIF(RETIROS!E:E,$B72)=1,"PENDIENTE ELIMINAR",IF(COUNTIFS(ASIGNACIONES!$D:$D,$B72,ASIGNACIONES!$I:$I,E72,ASIGNACIONES!$H:$H,$D72,ASIGNACIONES!$K:$K,$F72)=0,"NUEVO","ACTIVO")))) -> ACTIVO
A74: 37b98e3f | B74: PARRA CUADROS JUAN FELIPE | C74: 1005157454 | D74: PCC | E74: M | F74: VESTIDOR HOMBRES | H74: =IF($B74="","",IF($B74="TRANSCARNES","ACTIVO",IF(COUNTIF(RETIROS!E:E,$B74)=1,"PENDIENTE ELIMINAR",IF(COUNTIFS(ASIGNACIONES!$D:$D,$B74,ASIGNACIONES!$I:$I,E74,ASIGNACIONES!$H:$H,$D74,ASIGNACIONES!$K:$K,$F74)=0,"NUEVO","ACTIVO")))) -> ACTIVO
A75: 37ec159f | B75: BLANCO ALQUICHIRE JUAN JOSE | C75: 1005156867 | D75: LN | E75: L | F75: VESTIDOR HOMBRES | H75: =IF($B75="","",IF($B75="TRANSCARNES","ACTIVO",IF(COUNTIF(RETIROS!E:E,$B75)=1,"PENDIENTE ELIMINAR",IF(COUNTIFS(ASIGNACIONES!$D:$D,$B75,ASIGNACIONES!$I:$I,E75,ASIGNACIONES!$H:$H,$D75,ASIGNACIONES!$K:$K,$F75)=0,"NUEVO","ACTIVO")))) -> ACTIVO
A76: 38 | B76: TOLOZA JAIMES CLEIVER ERMIDES | C76: 1098700274 | D76: LN | E76: M | F76: VESTIDOR HOMBRES | H76: =IF($B76="","",IF($B76="TRANSCARNES","ACTIVO",IF(COUNTIF(RETIROS!E:E,$B76)=1,"PENDIENTE ELIMINAR",IF(COUNTIFS(ASIGNACIONES!$D:$D,$B76,ASIGNACIONES!$I:$I,E76,ASIGNACIONES!$H:$H,$D76,ASIGNACIONES!$K:$K,$F76)=0,"NUEVO","ACTIVO")))) -> ACTIVO
A77: 381b7e84 | B77: MARQUEZ ZERPA YAMPIER JESUS | C77: 5005845 | D77: PCC | E77: M | F77: VESTIDOR HOMBRES | H77: =IF($B77="","",IF($B77="TRANSCARNES","ACTIVO",IF(COUNTIF(RETIROS!E:E,$B77)=1,"PENDIENTE ELIMINAR",IF(COUNTIFS(ASIGNACIONES!$D:$D,$B77,ASIGNACIONES!$I:$I,E77,ASIGNACIONES!$H:$H,$D77,ASIGNACIONES!$K:$K,$F77)=0,"NUEVO","ACTIVO")))) -> ACTIVO
A79: 3f8aa6ae | B79: GARCIA LINARES FREILEM BRANYAN | C79: 5717879 | D79: LOG | E79: M | F79: VESTIDOR HOMBRES | H79: =IF($B79="","",IF($B79="TRANSCARNES","ACTIVO",IF(COUNTIF(RETIROS!E:E,$B79)=1,"PENDIENTE ELIMINAR",IF(COUNTIFS(ASIGNACIONES!$D:$D,$B79,ASIGNACIONES!$I:$I,E79,ASIGNACIONES!$H:$H,$D79,ASIGNACIONES!$K:$K,$F79)=0,"NUEVO","ACTIVO")))) -> ACTIVO
A80: 4 | B80: SUAREZ JAIMES ALBERTO | C80: 91452758 | D80: LN | E80: S | F80: VESTIDOR HOMBRES | H80: =IF($B80="","",IF($B80="TRANSCARNES","ACTIVO",IF(COUNTIF(RETIROS!E:E,$B80)=1,"PENDIENTE ELIMINAR",IF(COUNTIFS(ASIGNACIONES!$D:$D,$B80,ASIGNACIONES!$I:$I,E80,ASIGNACIONES!$H:$H,$D80,ASIGNACIONES!$K:$K,$F80)=0,"NUEVO","ACTIVO")))) -> ACTIVO
A81: 406403b7 | B81: BONILLA BELTRAN SERGIO ANDRÉS | C81: 1098754943 | D81: LN | E81: M | F81: VESTIDOR HOMBRES | H81: =IF($B81="","",IF($B81="TRANSCARNES","ACTIVO",IF(COUNTIF(RETIROS!E:E,$B81)=1,"PENDIENTE ELIMINAR",IF(COUNTIFS(ASIGNACIONES!$D:$D,$B81,ASIGNACIONES!$I:$I,E81,ASIGNACIONES!$H:$H,$D81,ASIGNACIONES!$K:$K,$F81)=0,"NUEVO","ACTIVO")))) -> ACTIVO
A84: 440a2133 | B84: QUINTERO RADA GERSON MANUEL | C84: 1065240729 | D84: LN | E84: M | F84: VESTIDOR HOMBRES | H84: =IF($B84="","",IF($B84="TRANSCARNES","ACTIVO",IF(COUNTIF(RETIROS!E:E,$B84)=1,"PENDIENTE ELIMINAR",IF(COUNTIFS(ASIGNACIONES!$D:$D,$B84,ASIGNACIONES!$I:$I,E84,ASIGNACIONES!$H:$H,$D84,ASIGNACIONES!$K:$K,$F84)=0,"NUEVO","ACTIVO")))) -> ACTIVO
A85: 46 | B85: DERIVADOS CARNICOS | C85: N/A | D85: EXT | E85: M | F85: VESTIDOR HOMBRES | H85: =IF($B85="","",IF($B85="TRANSCARNES","ACTIVO",IF(COUNTIF(RETIROS!E:E,$B85)=1,"PENDIENTE ELIMINAR",IF(COUNTIFS(ASIGNACIONES!$D:$D,$B85,ASIGNACIONES!$I:$I,E85,ASIGNACIONES!$H:$H,$D85,ASIGNACIONES!$K:$K,$F85)=0,"NUEVO","ACTIVO")))) -> ACTIVO
A86: 46162011 | B86: VILLAMIZAR RODRIGUEZ IVAN | C86: 1095913856 | D86: PCC | E86: XL | F86: VESTIDOR HOMBRES | H86: =IF($B86="","",IF($B86="TRANSCARNES","ACTIVO",IF(COUNTIF(RETIROS!E:E,$B86)=1,"PENDIENTE ELIMINAR",IF(COUNTIFS(ASIGNACIONES!$D:$D,$B86,ASIGNACIONES!$I:$I,E86,ASIGNACIONES!$H:$H,$D86,ASIGNACIONES!$K:$K,$F86)=0,"NUEVO","ACTIVO")))) -> ACTIVO
A87: 47 | B87: DERIVADOS CARNICOS EDWIN ORDUZ | C87: N/A | D87: EXT | E87: L | F87: VESTIDOR HOMBRES | H87: =IF($B87="","",IF($B87="TRANSCARNES","ACTIVO",IF(COUNTIF(RETIROS!E:E,$B87)=1,"PENDIENTE ELIMINAR",IF(COUNTIFS(ASIGNACIONES!$D:$D,$B87,ASIGNACIONES!$I:$I,E87,ASIGNACIONES!$H:$H,$D87,ASIGNACIONES!$K:$K,$F87)=0,"NUEVO","ACTIVO")))) -> ACTIVO
A90: 4a93eac0 | B90: SANCHEZ GUTIÉRREZ JOHNY ALEJANDRO | C90: 1020467674 | D90: LN | E90: M | F90: VESTIDOR HOMBRES | H90: =IF($B90="","",IF($B90="TRANSCARNES","ACTIVO",IF(COUNTIF(RETIROS!E:E,$B90)=1,"PENDIENTE ELIMINAR",IF(COUNTIFS(ASIGNACIONES!$D:$D,$B90,ASIGNACIONES!$I:$I,E90,ASIGNACIONES!$H:$H,$D90,ASIGNACIONES!$K:$K,$F90)=0,"NUEVO","ACTIVO")))) -> ACTIVO
A92: 533bdc63 | B92: OSORIO ZANDUA JUAN SEBASTIAN | C92: 1095940311 | D92: SST | E92: XL | F92: ADMINISTRACION | H92: =IF($B92="","",IF($B92="TRANSCARNES","ACTIVO",IF(COUNTIF(RETIROS!E:E,$B92)=1,"PENDIENTE ELIMINAR",IF(COUNTIFS(ASIGNACIONES!$D:$D,$B92,ASIGNACIONES!$I:$I,E92,ASIGNACIONES!$H:$H,$D92,ASIGNACIONES!$K:$K,$F92)=0,"NUEVO","ACTIVO")))) -> ACTIVO
A93: 55 | B93: CAMACHO DIAZ DIEGO | C93: 1095813788 | D93: LN | E93: M | F93: VESTIDOR HOMBRES | H93: =IF($B93="","",IF($B93="TRANSCARNES","ACTIVO",IF(COUNTIF(RETIROS!E:E,$B93)=1,"PENDIENTE ELIMINAR",IF(COUNTIFS(ASIGNACIONES!$D:$D,$B93,ASIGNACIONES!$I:$I,E93,ASIGNACIONES!$H:$H,$D93,ASIGNACIONES!$K:$K,$F93)=0,"NUEVO","ACTIVO")))) -> ACTIVO
A94: 5a09cee2 | B94: ROMERO URIBE ARNOL BRAN | C94: 1093590970 | D94: LN | E94: M | F94: VESTIDOR HOMBRES | H94: =IF($B94="","",IF($B94="TRANSCARNES","ACTIVO",IF(COUNTIF(RETIROS!E:E,$B94)=1,"PENDIENTE ELIMINAR",IF(COUNTIFS(ASIGNACIONES!$D:$D,$B94,ASIGNACIONES!$I:$I,E94,ASIGNACIONES!$H:$H,$D94,ASIGNACIONES!$K:$K,$F94)=0,"NUEVO","ACTIVO")))) -> ACTIVO
A97: 5b88dd0e | B97: LEAL MARCHAN JESUS MIGUEL | C97: 4932955 | D97: PCC | E97: S | F97: VESTIDOR HOMBRES | H97: =IF($B97="","",IF($B97="TRANSCARNES","ACTIVO",IF(COUNTIF(RETIROS!E:E,$B97)=1,"PENDIENTE ELIMINAR",IF(COUNTIFS(ASIGNACIONES!$D:$D,$B97,ASIGNACIONES!$I:$I,E97,ASIGNACIONES!$H:$H,$D97,ASIGNACIONES!$K:$K,$F97)=0,"NUEVO","ACTIVO")))) -> ACTIVO
A98: 5bb624fd | B98: GOMEZ SUAREZ BRAYAN FELIPE | C98: 1005183907 | D98: TIC | E98: M | F98: ADMINISTRACION | H98: =IF($B98="","",IF($B98="TRANSCARNES","ACTIVO",IF(COUNTIF(RETIROS!E:E,$B98)=1,"PENDIENTE ELIMINAR",IF(COUNTIFS(ASIGNACIONES!$D:$D,$B98,ASIGNACIONES!$I:$I,E98,ASIGNACIONES!$H:$H,$D98,ASIGNACIONES!$K:$K,$F98)=0,"NUEVO","ACTIVO")))) -> ACTIVO
A99: 5dc604bd | B99: JAIMES JAIMES JHON ALBEIRO | C99: 1101211012 | D99: LN | E99: M | F99: VESTIDOR HOMBRES | H99: =IF($B99="","",IF($B99="TRANSCARNES","ACTIVO",IF(COUNTIF(RETIROS!E:E,$B99)=1,"PENDIENTE ELIMINAR",IF(COUNTIFS(ASIGNACIONES!$D:$D,$B99,ASIGNACIONES!$I:$I,E99,ASIGNACIONES!$H:$H,$D99,ASIGNACIONES!$K:$K,$F99)=0,"NUEVO","ACTIVO")))) -> ACTIVO
A100: 62 | B100: GARRIDO VALDERRAMA EDILSON | C100: 83092161 | D100: LOG | E100: M | F100: VESTIDOR HOMBRES | H100: =IF($B100="","",IF($B100="TRANSCARNES","ACTIVO",IF(COUNTIF(RETIROS!E:E,$B100)=1,"PENDIENTE ELIMINAR",IF(COUNTIFS(ASIGNACIONES!$D:$D,$B100,ASIGNACIONES!$I:$I,E100,ASIGNACIONES!$H:$H,$D100,ASIGNACIONES!$K:$K,$F100)=0,"NUEVO","ACTIVO")))) -> ACTIVO
A101: 63a0a43b | B101: MOLINA RINCON LUIS MANUEL | C101: 1100888638 | D101: LOG | E101: M | F101: VESTIDOR HOMBRES | H101: =IF($B101="","",IF($B101="TRANSCARNES","ACTIVO",IF(COUNTIF(RETIROS!E:E,$B101)=1,"PENDIENTE ELIMINAR",IF(COUNTIFS(ASIGNACIONES!$D:$D,$B101,ASIGNACIONES!$I:$I,E101,ASIGNACIONES!$H:$H,$D101,ASIGNACIONES!$K:$K,$F101)=0,"NUEVO","ACTIVO")))) -> ACTIVO
A102: 65dadcd3 | B102: RODRÍGUEZ MERCHAN ANGEL DAVID | C102: 1401664 | D102: PCC | E102: M | F102: VESTIDOR HOMBRES | H102: =IF($B102="","",IF($B102="TRANSCARNES","ACTIVO",IF(COUNTIF(RETIROS!E:E,$B102)=1,"PENDIENTE ELIMINAR",IF(COUNTIFS(ASIGNACIONES!$D:$D,$B102,ASIGNACIONES!$I:$I,E102,ASIGNACIONES!$H:$H,$D102,ASIGNACIONES!$K:$K,$F102)=0,"NUEVO","ACTIVO")))) -> ACTIVO
A103: 66 | B103: ARDILA SALAS EDWARD ALEXANDER | C103: 1098645575 | D103: LYD | E103: L | F103: VESTIDOR HOMBRES | H103: =IF($B103="","",IF($B103="TRANSCARNES","ACTIVO",IF(COUNTIF(RETIROS!E:E,$B103)=1,"PENDIENTE ELIMINAR",IF(COUNTIFS(ASIGNACIONES!$D:$D,$B103,ASIGNACIONES!$I:$I,E103,ASIGNACIONES!$H:$H,$D103,ASIGNACIONES!$K:$K,$F103)=0,"NUEVO","ACTIVO")))) -> ACTIVO
A104: 69 | B104: SANDOVAL SUAREZ ELIANA YUDDYT | C104: 37729142 | D104: PCC | E104: M | F104: VESTIDOR MUJERES | H104: =IF($B104="","",IF($B104="TRANSCARNES","ACTIVO",IF(COUNTIF(RETIROS!E:E,$B104)=1,"PENDIENTE ELIMINAR",IF(COUNTIFS(ASIGNACIONES!$D:$D,$B104,ASIGNACIONES!$I:$I,E104,ASIGNACIONES!$H:$H,$D104,ASIGNACIONES!$K:$K,$F104)=0,"NUEVO","ACTIVO")))) -> ACTIVO
A106: 6b057768 | B106: HERNANDEZ VERA JAVER ANDRES | C106: 1072752876 | D106: CAL | E106: XXL | F106: ADMINISTRACION | H106: =IF($B106="","",IF($B106="TRANSCARNES","ACTIVO",IF(COUNTIF(RETIROS!E:E,$B106)=1,"PENDIENTE ELIMINAR",IF(COUNTIFS(ASIGNACIONES!$D:$D,$B106,ASIGNACIONES!$I:$I,E106,ASIGNACIONES!$H:$H,$D106,ASIGNACIONES!$K:$K,$F106)=0,"NUEVO","ACTIVO")))) -> ACTIVO
A107: 6c4dc896 | B107: MARCANO GUZMÁN JOSE ERNESTO | C107: 4925589 | D107: LOG | E107: L | F107: VESTIDOR HOMBRES | H107: =IF($B107="","",IF($B107="TRANSCARNES","ACTIVO",IF(COUNTIF(RETIROS!E:E,$B107)=1,"PENDIENTE ELIMINAR",IF(COUNTIFS(ASIGNACIONES!$D:$D,$B107,ASIGNACIONES!$I:$I,E107,ASIGNACIONES!$H:$H,$D107,ASIGNACIONES!$K:$K,$F107)=0,"NUEVO","ACTIVO")))) -> ACTIVO
A108: 70 | B108: CABALLERO MOTTA ELIAS | C108: 5684958 | D108: PCC | E108: L | F108: VESTIDOR HOMBRES | H108: =IF($B108="","",IF($B108="TRANSCARNES","ACTIVO",IF(COUNTIF(RETIROS!E:E,$B108)=1,"PENDIENTE ELIMINAR",IF(COUNTIFS(ASIGNACIONES!$D:$D,$B108,ASIGNACIONES!$I:$I,E108,ASIGNACIONES!$H:$H,$D108,ASIGNACIONES!$K:$K,$F108)=0,"NUEVO","ACTIVO")))) -> ACTIVO
A110: 70e799e3 | B110: SEGURA BARRERA MARIA FILOMENA | C110: 1056908061 | D110: CAL | E110: XL | F110: VESTIDOR MUJERES | H110: =IF($B110="","",IF($B110="TRANSCARNES","ACTIVO",IF(COUNTIF(RETIROS!E:E,$B110)=1,"PENDIENTE ELIMINAR",IF(COUNTIFS(ASIGNACIONES!$D:$D,$B110,ASIGNACIONES!$I:$I,E110,ASIGNACIONES!$H:$H,$D110,ASIGNACIONES!$K:$K,$F110)=0,"NUEVO","ACTIVO")))) -> ACTIVO
A112: 72 | B112: PEREZ ZORRILLA ELVER ANDRES | C112: 1102375619 | D112: CAL | E112: XL | F112: ADMINISTRACION | H112: =IF($B112="","",IF($B112="TRANSCARNES","ACTIVO",IF(COUNTIF(RETIROS!E:E,$B112)=1,"PENDIENTE ELIMINAR",IF(COUNTIFS(ASIGNACIONES!$D:$D,$B112,ASIGNACIONES!$I:$I,E112,ASIGNACIONES!$H:$H,$D112,ASIGNACIONES!$K:$K,$F112)=0,"NUEVO","ACTIVO")))) -> ACTIVO
A113: 72cfdcf5 | B113: GARCIA GOMEZ HUGO ARMANDO | C113: 1005386544 | D113: LN | E113: M | F113: VESTIDOR HOMBRES | H113: =IF($B113="","",IF($B113="TRANSCARNES","ACTIVO",IF(COUNTIF(RETIROS!E:E,$B113)=1,"PENDIENTE ELIMINAR",IF(COUNTIFS(ASIGNACIONES!$D:$D,$B113,ASIGNACIONES!$I:$I,E113,ASIGNACIONES!$H:$H,$D113,ASIGNACIONES!$K:$K,$F113)=0,"NUEVO","ACTIVO")))) -> ACTIVO
A114: 73d922f2 | B114: HOYOS NIÑO ANDRES FELIPE | C114: 1007412982 | D114: LN | E114: M | F114: VESTIDOR HOMBRES | H114: =IF($B114="","",IF($B114="TRANSCARNES","ACTIVO",IF(COUNTIF(RETIROS!E:E,$B114)=1,"PENDIENTE ELIMINAR",IF(COUNTIFS(ASIGNACIONES!$D:$D,$B114,ASIGNACIONES!$I:$I,E114,ASIGNACIONES!$H:$H,$D114,ASIGNACIONES!$K:$K,$F114)=0,"NUEVO","ACTIVO")))) -> ACTIVO
A115: 74 | B115: SANCHEZ RODRIGUEZ EUDY JOSE | C115: 8123448070 | D115: LOG | E115: L | F115: VESTIDOR HOMBRES | H115: =IF($B115="","",IF($B115="TRANSCARNES","ACTIVO",IF(COUNTIF(RETIROS!E:E,$B115)=1,"PENDIENTE ELIMINAR",IF(COUNTIFS(ASIGNACIONES!$D:$D,$B115,ASIGNACIONES!$I:$I,E115,ASIGNACIONES!$H:$H,$D115,ASIGNACIONES!$K:$K,$F115)=0,"NUEVO","ACTIVO")))) -> ACTIVO
A116: 75 | B116: BARAJAS GUEVARA EULISES | C116: 1098619262 | D116: LN | E116: L | F116: VESTIDOR HOMBRES | H116: =IF($B116="","",IF($B116="TRANSCARNES","ACTIVO",IF(COUNTIF(RETIROS!E:E,$B116)=1,"PENDIENTE ELIMINAR",IF(COUNTIFS(ASIGNACIONES!$D:$D,$B116,ASIGNACIONES!$I:$I,E116,ASIGNACIONES!$H:$H,$D116,ASIGNACIONES!$K:$K,$F116)=0,"NUEVO","ACTIVO")))) -> ACTIVO
A117: 75230cc3 | B117: CALDERON ANTON SNEIDER JOSE | C117: 5297986 | D117: PCC | E117: M | F117: VESTIDOR HOMBRES | H117: =IF($B117="","",IF($B117="TRANSCARNES","ACTIVO",IF(COUNTIF(RETIROS!E:E,$B117)=1,"PENDIENTE ELIMINAR",IF(COUNTIFS(ASIGNACIONES!$D:$D,$B117,ASIGNACIONES!$I:$I,E117,ASIGNACIONES!$H:$H,$D117,ASIGNACIONES!$K:$K,$F117)=0,"NUEVO","ACTIVO")))) -> ACTIVO
A118: 75803363 | B118: CABEZA FLOREZ JOHAN STIVEN | C118: 1005565551 | D118: PCC | E118: XL | F118: VESTIDOR HOMBRES | H118: =IF($B118="","",IF($B118="TRANSCARNES","ACTIVO",IF(COUNTIF(RETIROS!E:E,$B118)=1,"PENDIENTE ELIMINAR",IF(COUNTIFS(ASIGNACIONES!$D:$D,$B118,ASIGNACIONES!$I:$I,E118,ASIGNACIONES!$H:$H,$D118,ASIGNACIONES!$K:$K,$F118)=0,"NUEVO","ACTIVO")))) -> ACTIVO
A119: 78 | B119: PARADA SIERRA FABIO ENRIQUE | C119: 1007929887 | D119: LN | E119: M | F119: VESTIDOR HOMBRES | H119: =IF($B119="","",IF($B119="TRANSCARNES","ACTIVO",IF(COUNTIF(RETIROS!E:E,$B119)=1,"PENDIENTE ELIMINAR",IF(COUNTIFS(ASIGNACIONES!$D:$D,$B119,ASIGNACIONES!$I:$I,E119,ASIGNACIONES!$H:$H,$D119,ASIGNACIONES!$K:$K,$F119)=0,"NUEVO","ACTIVO")))) -> ACTIVO
A120: 79 | B120: JAIMES JAIMES FEDERICO | C120: 2198734 | D120: LN | E120: XL | F120: VESTIDOR HOMBRES | H120: =IF($B120="","",IF($B120="TRANSCARNES","ACTIVO",IF(COUNTIF(RETIROS!E:E,$B120)=1,"PENDIENTE ELIMINAR",IF(COUNTIFS(ASIGNACIONES!$D:$D,$B120,ASIGNACIONES!$I:$I,E120,ASIGNACIONES!$H:$H,$D120,ASIGNACIONES!$K:$K,$F120)=0,"NUEVO","ACTIVO")))) -> ACTIVO
A121: 7e5fe9ee | B121: ESPITIA LANDAZABAL JAHIR FABIAN | C121: 1098782929 | D121: PCC | E121: L | F121: VESTIDOR HOMBRES | H121: =IF($B121="","",IF($B121="TRANSCARNES","ACTIVO",IF(COUNTIF(RETIROS!E:E,$B121)=1,"PENDIENTE ELIMINAR",IF(COUNTIFS(ASIGNACIONES!$D:$D,$B121,ASIGNACIONES!$I:$I,E121,ASIGNACIONES!$H:$H,$D121,ASIGNACIONES!$K:$K,$F121)=0,"NUEVO","ACTIVO")))) -> ACTIVO
A123: 8 | B123: AMADOR SUAN SIXTO | C123: 91258301 | D123: PCC | E123: M | F123: VESTIDOR HOMBRES | H123: =IF($B123="","",IF($B123="TRANSCARNES","ACTIVO",IF(COUNTIF(RETIROS!E:E,$B123)=1,"PENDIENTE ELIMINAR",IF(COUNTIFS(ASIGNACIONES!$D:$D,$B123,ASIGNACIONES!$I:$I,E123,ASIGNACIONES!$H:$H,$D123,ASIGNACIONES!$K:$K,$F123)=0,"NUEVO","ACTIVO")))) -> ACTIVO
A126: 83 | B126: BARAJAS APARICIO FIDEL | C126: 91223001 | D126: LN | E126: M | F126: VESTIDOR HOMBRES | H126: =IF($B126="","",IF($B126="TRANSCARNES","ACTIVO",IF(COUNTIF(RETIROS!E:E,$B126)=1,"PENDIENTE ELIMINAR",IF(COUNTIFS(ASIGNACIONES!$D:$D,$B126,ASIGNACIONES!$I:$I,E126,ASIGNACIONES!$H:$H,$D126,ASIGNACIONES!$K:$K,$F126)=0,"NUEVO","ACTIVO")))) -> ACTIVO
A130: 8d3e91f4 | B130: ANAYA LANDAZABAL SERGIO ANDRÉS | C130: 91542227 | D130: LOG | E130: M | F130: VESTIDOR HOMBRES | H130: =IF($B130="","",IF($B130="TRANSCARNES","ACTIVO",IF(COUNTIF(RETIROS!E:E,$B130)=1,"PENDIENTE ELIMINAR",IF(COUNTIFS(ASIGNACIONES!$D:$D,$B130,ASIGNACIONES!$I:$I,E130,ASIGNACIONES!$H:$H,$D130,ASIGNACIONES!$K:$K,$F130)=0,"NUEVO","ACTIVO")))) -> PENDIENTE ELIMINAR
A132: 8fd0fa93 | B132: BECERRA RODRÍGUEZ JOHAN ALEJANDRO | C132: 1095936888 | D132: LOG | E132: XL | F132: VESTIDOR HOMBRES | H132: =IF($B132="","",IF($B132="TRANSCARNES","ACTIVO",IF(COUNTIF(RETIROS!E:E,$B132)=1,"PENDIENTE ELIMINAR",IF(COUNTIFS(ASIGNACIONES!$D:$D,$B132,ASIGNACIONES!$I:$I,E132,ASIGNACIONES!$H:$H,$D132,ASIGNACIONES!$K:$K,$F132)=0,"NUEVO","ACTIVO")))) -> PENDIENTE ELIMINAR
A133: 9 | B133: LOPEZ HURTADO ANDRES FABIAN | C133: 1098659117 | D133: LN | E133: M | F133: VESTIDOR HOMBRES | H133: =IF($B133="","",IF($B133="TRANSCARNES","ACTIVO",IF(COUNTIF(RETIROS!E:E,$B133)=1,"PENDIENTE ELIMINAR",IF(COUNTIFS(ASIGNACIONES!$D:$D,$B133,ASIGNACIONES!$I:$I,E133,ASIGNACIONES!$H:$H,$D133,ASIGNACIONES!$K:$K,$F133)=0,"NUEVO","ACTIVO")))) -> ACTIVO
A134: 91af0eb4 | B134: SANCHEZ VIVAS EMANUEL JOSE | C134: 5446735 | D134: LOG | E134: M | F134: VESTIDOR HOMBRES | H134: =IF($B134="","",IF($B134="TRANSCARNES","ACTIVO",IF(COUNTIF(RETIROS!E:E,$B134)=1,"PENDIENTE ELIMINAR",IF(COUNTIFS(ASIGNACIONES!$D:$D,$B134,ASIGNACIONES!$I:$I,E134,ASIGNACIONES!$H:$H,$D134,ASIGNACIONES!$K:$K,$F134)=0,"NUEVO","ACTIVO")))) -> ACTIVO
A135: 9264108c | B135: SEQUEDA REATIGA ELBER ANDRES | C135: 1005505533 | D135: LN | E135: M | F135: VESTIDOR HOMBRES | H135: =IF($B135="","",IF($B135="TRANSCARNES","ACTIVO",IF(COUNTIF(RETIROS!E:E,$B135)=1,"PENDIENTE ELIMINAR",IF(COUNTIFS(ASIGNACIONES!$D:$D,$B135,ASIGNACIONES!$I:$I,E135,ASIGNACIONES!$H:$H,$D135,ASIGNACIONES!$K:$K,$F135)=0,"NUEVO","ACTIVO")))) -> ACTIVO
A136: 96 | B136: GUERRERO RAMOS LUIS DAVID | C136: 1098770376 | D136: PCC | E136: L | F136: VESTIDOR HOMBRES | H136: =IF($B136="","",IF($B136="TRANSCARNES","ACTIVO",IF(COUNTIF(RETIROS!E:E,$B136)=1,"PENDIENTE ELIMINAR",IF(COUNTIFS(ASIGNACIONES!$D:$D,$B136,ASIGNACIONES!$I:$I,E136,ASIGNACIONES!$H:$H,$D136,ASIGNACIONES!$K:$K,$F136)=0,"NUEVO","ACTIVO")))) -> ACTIVO
A137: 96162c85 | B137: AGUDELO SAJONERO JHONATAN | C137: 1005154090 | D137: LOG | E137: XL | F137: VESTIDOR HOMBRES | H137: =IF($B137="","",IF($B137="TRANSCARNES","ACTIVO",IF(COUNTIF(RETIROS!E:E,$B137)=1,"PENDIENTE ELIMINAR",IF(COUNTIFS(ASIGNACIONES!$D:$D,$B137,ASIGNACIONES!$I:$I,E137,ASIGNACIONES!$H:$H,$D137,ASIGNACIONES!$K:$K,$F137)=0,"NUEVO","ACTIVO")))) -> ACTIVO
A138: 978b9168 | B138: ROJAS MEJIA JOSE DOMINGO | C138: 1098773861 | D138: LN | E138: M | F138: VESTIDOR HOMBRES | H138: =IF($B138="","",IF($B138="TRANSCARNES","ACTIVO",IF(COUNTIF(RETIROS!E:E,$B138)=1,"PENDIENTE ELIMINAR",IF(COUNTIFS(ASIGNACIONES!$D:$D,$B138,ASIGNACIONES!$I:$I,E138,ASIGNACIONES!$H:$H,$D138,ASIGNACIONES!$K:$K,$F138)=0,"NUEVO","ACTIVO")))) -> ACTIVO
A141: 9e349c6b | B141: PEÑA PEÑA LUIS DAVID | C141: 1104071452 | D141: PCC | E141: M | F141: VESTIDOR HOMBRES | H141: =IF($B141="","",IF($B141="TRANSCARNES","ACTIVO",IF(COUNTIF(RETIROS!E:E,$B141)=1,"PENDIENTE ELIMINAR",IF(COUNTIFS(ASIGNACIONES!$D:$D,$B141,ASIGNACIONES!$I:$I,E141,ASIGNACIONES!$H:$H,$D141,ASIGNACIONES!$K:$K,$F141)=0,"NUEVO","ACTIVO")))) -> ACTIVO
A143: 9f38794d | B143: RODRIGUEZ HERNÁNDEZ ANDRES MAURICIO | C143: 1098721083 | D143: LOG | E143: L | F143: VESTIDOR HOMBRES | H143: =IF($B143="","",IF($B143="TRANSCARNES","ACTIVO",IF(COUNTIF(RETIROS!E:E,$B143)=1,"PENDIENTE ELIMINAR",IF(COUNTIFS(ASIGNACIONES!$D:$D,$B143,ASIGNACIONES!$I:$I,E143,ASIGNACIONES!$H:$H,$D143,ASIGNACIONES!$K:$K,$F143)=0,"NUEVO","ACTIVO")))) -> ACTIVO
A144: a15ea262 | B144: ORTIZ RUIZ WILLINTON | C144: 1234338572 | D144: PCC | E144: L | F144: VESTIDOR HOMBRES | H144: =IF($B144="","",IF($B144="TRANSCARNES","ACTIVO",IF(COUNTIF(RETIROS!E:E,$B144)=1,"PENDIENTE ELIMINAR",IF(COUNTIFS(ASIGNACIONES!$D:$D,$B144,ASIGNACIONES!$I:$I,E144,ASIGNACIONES!$H:$H,$D144,ASIGNACIONES!$K:$K,$F144)=0,"NUEVO","ACTIVO")))) -> ACTIVO
...

Sheet OPERARIOS
A1: id | B1: operarios nuevo
A2: =IFERROR(__xludf.DUMMYFUNCTION("FILTER(PERSONAL!$C:$C,PERSONAL!$H:$H=""NUEVO"")"),"#N/A") -> #N/A | B2: =IFERROR(__xludf.DUMMYFUNCTION("FILTER(PERSONAL!$B:$B,PERSONAL!$H:$H=""NUEVO"")"),"#N/A") -> #N/A

Sheet DOTACIONES
A1: Cantidad | B1: Codigo de Dotacion | C1: Area de USO | D1: Talla | E1: ESTADO
A2: 3 | B2: 001 | C2: PROCESO | D2: M | E2: =IF(B2="","",IF(A2=0,"NO HAY ESE CODIGO",IF(COUNTIF(ASIGNACIONES!$B$3:$B948,B2)=1,"DOTACION ASIGNADA",IF(C2="VISITAS","DOTACION VISITA",IF(C2="MTTO","DOTACION MTTO",IF(C2="PLANTA EMERGENCIA","DOTACION RES DE EMERGENCIA",IF(C2="EXTERNOS","DOTACION DE EXTERNO","DOTACION DISPONIBLE"))))))) -> DOTACION ASIGNADA
A3: 3 | B3: 002 | C3: PROCESO | D3: M | E3: =IF(B3="","",IF(A3=0,"NO HAY ESE CODIGO",IF(COUNTIF(ASIGNACIONES!$B$3:$B948,B3)=1,"DOTACION ASIGNADA",IF(C3="VISITAS","DOTACION VISITA",IF(C3="MTTO","DOTACION MTTO",IF(C3="PLANTA EMERGENCIA","DOTACION RES DE EMERGENCIA",IF(C3="EXTERNOS","DOTACION DE EXTERNO","DOTACION DISPONIBLE"))))))) -> DOTACION ASIGNADA
A4: 3 | B4: 003 | C4: PROCESO | D4: S | E4: =IF(B4="","",IF(A4=0,"NO HAY ESE CODIGO",IF(COUNTIF(ASIGNACIONES!$B$3:$B948,B4)=1,"DOTACION ASIGNADA",IF(C4="VISITAS","DOTACION VISITA",IF(C4="MTTO","DOTACION MTTO",IF(C4="PLANTA EMERGENCIA","DOTACION RES DE EMERGENCIA",IF(C4="EXTERNOS","DOTACION DE EXTERNO","DOTACION DISPONIBLE"))))))) -> DOTACION ASIGNADA
A5: 3 | B5: 004 | C5: PROCESO | D5: L | E5: =IF(B5="","",IF(A5=0,"NO HAY ESE CODIGO",IF(COUNTIF(ASIGNACIONES!$B$3:$B948,B5)=1,"DOTACION ASIGNADA",IF(C5="VISITAS","DOTACION VISITA",IF(C5="MTTO","DOTACION MTTO",IF(C5="PLANTA EMERGENCIA","DOTACION RES DE EMERGENCIA",IF(C5="EXTERNOS","DOTACION DE EXTERNO","DOTACION DISPONIBLE"))))))) -> DOTACION ASIGNADA
A6: 3 | B6: 005 | C6: PROCESO | D6: M | E6: =IF(B6="","",IF(A6=0,"NO HAY ESE CODIGO",IF(COUNTIF(ASIGNACIONES!$B$3:$B948,B6)=1,"DOTACION ASIGNADA",IF(C6="VISITAS","DOTACION VISITA",IF(C6="MTTO","DOTACION MTTO",IF(C6="PLANTA EMERGENCIA","DOTACION RES DE EMERGENCIA",IF(C6="EXTERNOS","DOTACION DE EXTERNO","DOTACION DISPONIBLE"))))))) -> DOTACION ASIGNADA
A7: 3 | B7: 006 | C7: PROCESO | D7: M | E7: =IF(B7="","",IF(A7=0,"NO HAY ESE CODIGO",IF(COUNTIF(ASIGNACIONES!$B$3:$B948,B7)=1,"DOTACION ASIGNADA",IF(C7="VISITAS","DOTACION VISITA",IF(C7="MTTO","DOTACION MTTO",IF(C7="PLANTA EMERGENCIA","DOTACION RES DE EMERGENCIA",IF(C7="EXTERNOS","DOTACION DE EXTERNO","DOTACION DISPONIBLE"))))))) -> DOTACION ASIGNADA
A8: 3 | B8: 007 | C8: PROCESO | D8: S | E8: =IF(B8="","",IF(A8=0,"NO HAY ESE CODIGO",IF(COUNTIF(ASIGNACIONES!$B$3:$B948,B8)=1,"DOTACION ASIGNADA",IF(C8="VISITAS","DOTACION VISITA",IF(C8="MTTO","DOTACION MTTO",IF(C8="PLANTA EMERGENCIA","DOTACION RES DE EMERGENCIA",IF(C8="EXTERNOS","DOTACION DE EXTERNO","DOTACION DISPONIBLE"))))))) -> DOTACION ASIGNADA
A9: 3 | B9: 008 | C9: PROCESO | D9: L | E9: =IF(B9="","",IF(A9=0,"NO HAY ESE CODIGO",IF(COUNTIF(ASIGNACIONES!$B$3:$B948,B9)=1,"DOTACION ASIGNADA",IF(C9="VISITAS","DOTACION VISITA",IF(C9="MTTO","DOTACION MTTO",IF(C9="PLANTA EMERGENCIA","DOTACION RES DE EMERGENCIA",IF(C9="EXTERNOS","DOTACION DE EXTERNO","DOTACION DISPONIBLE"))))))) -> DOTACION ASIGNADA
A10: 3 | B10: 009 | C10: PROCESO | D10: L | E10: =IF(B10="","",IF(A10=0,"NO HAY ESE CODIGO",IF(COUNTIF(ASIGNACIONES!$B$3:$B948,B10)=1,"DOTACION ASIGNADA",IF(C10="VISITAS","DOTACION VISITA",IF(C10="MTTO","DOTACION MTTO",IF(C10="PLANTA EMERGENCIA","DOTACION RES DE EMERGENCIA",IF(C10="EXTERNOS","DOTACION DE EXTERNO","DOTACION DISPONIBLE"))))))) -> DOTACION ASIGNADA
A11: 2 | B11: 010 | C11: PROCESO | D11: M | E11: =IF(B11="","",IF(A11=0,"NO HAY ESE CODIGO",IF(COUNTIF(ASIGNACIONES!$B$3:$B948,B11)=1,"DOTACION ASIGNADA",IF(C11="VISITAS","DOTACION VISITA",IF(C11="MTTO","DOTACION MTTO",IF(C11="PLANTA EMERGENCIA","DOTACION RES DE EMERGENCIA",IF(C11="EXTERNOS","DOTACION DE EXTERNO","DOTACION DISPONIBLE"))))))) -> DOTACION DISPONIBLE
A12: 3 | B12: 011 | C12: PROCESO | D12: S | E12: =IF(B12="","",IF(A12=0,"NO HAY ESE CODIGO",IF(COUNTIF(ASIGNACIONES!$B$3:$B948,B12)=1,"DOTACION ASIGNADA",IF(C12="VISITAS","DOTACION VISITA",IF(C12="MTTO","DOTACION MTTO",IF(C12="PLANTA EMERGENCIA","DOTACION RES DE EMERGENCIA",IF(C12="EXTERNOS","DOTACION DE EXTERNO","DOTACION DISPONIBLE"))))))) -> DOTACION ASIGNADA
A13: 3 | B13: 012 | C13: PROCESO | D13: M | E13: =IF(B13="","",IF(A13=0,"NO HAY ESE CODIGO",IF(COUNTIF(ASIGNACIONES!$B$3:$B948,B13)=1,"DOTACION ASIGNADA",IF(C13="VISITAS","DOTACION VISITA",IF(C13="MTTO","DOTACION MTTO",IF(C13="PLANTA EMERGENCIA","DOTACION RES DE EMERGENCIA",IF(C13="EXTERNOS","DOTACION DE EXTERNO","DOTACION DISPONIBLE"))))))) -> DOTACION ASIGNADA
A14: 3 | B14: 013 | C14: PROCESO | D14: L | E14: =IF(B14="","",IF(A14=0,"NO HAY ESE CODIGO",IF(COUNTIF(ASIGNACIONES!$B$3:$B948,B14)=1,"DOTACION ASIGNADA",IF(C14="VISITAS","DOTACION VISITA",IF(C14="MTTO","DOTACION MTTO",IF(C14="PLANTA EMERGENCIA","DOTACION RES DE EMERGENCIA",IF(C14="EXTERNOS","DOTACION DE EXTERNO","DOTACION DISPONIBLE"))))))) -> DOTACION ASIGNADA
A15: 3 | B15: 014 | C15: PROCESO | D15: L | E15: =IF(B15="","",IF(A15=0,"NO HAY ESE CODIGO",IF(COUNTIF(ASIGNACIONES!$B$3:$B948,B15)=1,"DOTACION ASIGNADA",IF(C15="VISITAS","DOTACION VISITA",IF(C15="MTTO","DOTACION MTTO",IF(C15="PLANTA EMERGENCIA","DOTACION RES DE EMERGENCIA",IF(C15="EXTERNOS","DOTACION DE EXTERNO","DOTACION DISPONIBLE"))))))) -> DOTACION DISPONIBLE
A16: 3 | B16: 015 | C16: PROCESO | D16: M | E16: =IF(B16="","",IF(A16=0,"NO HAY ESE CODIGO",IF(COUNTIF(ASIGNACIONES!$B$3:$B948,B16)=1,"DOTACION ASIGNADA",IF(C16="VISITAS","DOTACION VISITA",IF(C16="MTTO","DOTACION MTTO",IF(C16="PLANTA EMERGENCIA","DOTACION RES DE EMERGENCIA",IF(C16="EXTERNOS","DOTACION DE EXTERNO","DOTACION DISPONIBLE"))))))) -> DOTACION ASIGNADA
A17: 3 | B17: 016 | C17: PROCESO | D17: M | E17: =IF(B17="","",IF(A17=0,"NO HAY ESE CODIGO",IF(COUNTIF(ASIGNACIONES!$B$3:$B948,B17)=1,"DOTACION ASIGNADA",IF(C17="VISITAS","DOTACION VISITA",IF(C17="MTTO","DOTACION MTTO",IF(C17="PLANTA EMERGENCIA","DOTACION RES DE EMERGENCIA",IF(C17="EXTERNOS","DOTACION DE EXTERNO","DOTACION DISPONIBLE"))))))) -> DOTACION ASIGNADA
A18: 3 | B18: 017 | C18: PROCESO | D18: S | E18: =IF(B18="","",IF(A18=0,"NO HAY ESE CODIGO",IF(COUNTIF(ASIGNACIONES!$B$3:$B948,B18)=1,"DOTACION ASIGNADA",IF(C18="VISITAS","DOTACION VISITA",IF(C18="MTTO","DOTACION MTTO",IF(C18="PLANTA EMERGENCIA","DOTACION RES DE EMERGENCIA",IF(C18="EXTERNOS","DOTACION DE EXTERNO","DOTACION DISPONIBLE"))))))) -> DOTACION ASIGNADA
A19: 2 | B19: 018 | C19: PROCESO | D19: XL | E19: =IF(B19="","",IF(A19=0,"NO HAY ESE CODIGO",IF(COUNTIF(ASIGNACIONES!$B$3:$B948,B19)=1,"DOTACION ASIGNADA",IF(C19="VISITAS","DOTACION VISITA",IF(C19="MTTO","DOTACION MTTO",IF(C19="PLANTA EMERGENCIA","DOTACION RES DE EMERGENCIA",IF(C19="EXTERNOS","DOTACION DE EXTERNO","DOTACION DISPONIBLE"))))))) -> DOTACION ASIGNADA
A20: 3 | B20: 019 | C20: PROCESO | D20: XL | E20: =IF(B20="","",IF(A20=0,"NO HAY ESE CODIGO",IF(COUNTIF(ASIGNACIONES!$B$3:$B948,B20)=1,"DOTACION ASIGNADA",IF(C20="VISITAS","DOTACION VISITA",IF(C20="MTTO","DOTACION MTTO",IF(C20="PLANTA EMERGENCIA","DOTACION RES DE EMERGENCIA",IF(C20="EXTERNOS","DOTACION DE EXTERNO","DOTACION DISPONIBLE"))))))) -> DOTACION ASIGNADA
A21: 3 | B21: 020 | C21: PROCESO | D21: L | E21: =IF(B21="","",IF(A21=0,"NO HAY ESE CODIGO",IF(COUNTIF(ASIGNACIONES!$B$3:$B948,B21)=1,"DOTACION ASIGNADA",IF(C21="VISITAS","DOTACION VISITA",IF(C21="MTTO","DOTACION MTTO",IF(C21="PLANTA EMERGENCIA","DOTACION RES DE EMERGENCIA",IF(C21="EXTERNOS","DOTACION DE EXTERNO","DOTACION DISPONIBLE"))))))) -> DOTACION ASIGNADA
A22: 3 | B22: 021 | C22: PROCESO | D22: XXL | E22: =IF(B22="","",IF(A22=0,"NO HAY ESE CODIGO",IF(COUNTIF(ASIGNACIONES!$B$3:$B948,B22)=1,"DOTACION ASIGNADA",IF(C22="VISITAS","DOTACION VISITA",IF(C22="MTTO","DOTACION MTTO",IF(C22="PLANTA EMERGENCIA","DOTACION RES DE EMERGENCIA",IF(C22="EXTERNOS","DOTACION DE EXTERNO","DOTACION DISPONIBLE"))))))) -> DOTACION ASIGNADA
A23: 3 | B23: 022 | C23: PROCESO | D23: S | E23: =IF(B23="","",IF(A23=0,"NO HAY ESE CODIGO",IF(COUNTIF(ASIGNACIONES!$B$3:$B948,B23)=1,"DOTACION ASIGNADA",IF(C23="VISITAS","DOTACION VISITA",IF(C23="MTTO","DOTACION MTTO",IF(C23="PLANTA EMERGENCIA","DOTACION RES DE EMERGENCIA",IF(C23="EXTERNOS","DOTACION DE EXTERNO","DOTACION DISPONIBLE"))))))) -> DOTACION ASIGNADA
A24: 3 | B24: 023 | C24: PROCESO | D24: S | E24: =IF(B24="","",IF(A24=0,"NO HAY ESE CODIGO",IF(COUNTIF(ASIGNACIONES!$B$3:$B948,B24)=1,"DOTACION ASIGNADA",IF(C24="VISITAS","DOTACION VISITA",IF(C24="MTTO","DOTACION MTTO",IF(C24="PLANTA EMERGENCIA","DOTACION RES DE EMERGENCIA",IF(C24="EXTERNOS","DOTACION DE EXTERNO","DOTACION DISPONIBLE"))))))) -> DOTACION ASIGNADA
A25: 1 | B25: 024 | C25: PROCESO | D25: XL | E25: =IF(B25="","",IF(A25=0,"NO HAY ESE CODIGO",IF(COUNTIF(ASIGNACIONES!$B$3:$B948,B25)=1,"DOTACION ASIGNADA",IF(C25="VISITAS","DOTACION VISITA",IF(C25="MTTO","DOTACION MTTO",IF(C25="PLANTA EMERGENCIA","DOTACION RES DE EMERGENCIA",IF(C25="EXTERNOS","DOTACION DE EXTERNO","DOTACION DISPONIBLE"))))))) -> DOTACION ASIGNADA
A26: 3 | B26: 025 | C26: PROCESO | D26: M | E26: =IF(B26="","",IF(A26=0,"NO HAY ESE CODIGO",IF(COUNTIF(ASIGNACIONES!$B$3:$B948,B26)=1,"DOTACION ASIGNADA",IF(C26="VISITAS","DOTACION VISITA",IF(C26="MTTO","DOTACION MTTO",IF(C26="PLANTA EMERGENCIA","DOTACION RES DE EMERGENCIA",IF(C26="EXTERNOS","DOTACION DE EXTERNO","DOTACION DISPONIBLE"))))))) -> DOTACION ASIGNADA
A27: 3 | B27: 026 | C27: PROCESO | D27: L | E27: =IF(B27="","",IF(A27=0,"NO HAY ESE CODIGO",IF(COUNTIF(ASIGNACIONES!$B$3:$B948,B27)=1,"DOTACION ASIGNADA",IF(C27="VISITAS","DOTACION VISITA",IF(C27="MTTO","DOTACION MTTO",IF(C27="PLANTA EMERGENCIA","DOTACION RES DE EMERGENCIA",IF(C27="EXTERNOS","DOTACION DE EXTERNO","DOTACION DISPONIBLE"))))))) -> DOTACION DISPONIBLE
A28: 3 | B28: 027 | C28: PROCESO | D28: L | E28: =IF(B28="","",IF(A28=0,"NO HAY ESE CODIGO",IF(COUNTIF(ASIGNACIONES!$B$3:$B948,B28)=1,"DOTACION ASIGNADA",IF(C28="VISITAS","DOTACION VISITA",IF(C28="MTTO","DOTACION MTTO",IF(C28="PLANTA EMERGENCIA","DOTACION RES DE EMERGENCIA",IF(C28="EXTERNOS","DOTACION DE EXTERNO","DOTACION DISPONIBLE"))))))) -> DOTACION ASIGNADA
A29: 3 | B29: 028 | C29: PROCESO | D29: M | E29: =IF(B29="","",IF(A29=0,"NO HAY ESE CODIGO",IF(COUNTIF(ASIGNACIONES!$B$3:$B948,B29)=1,"DOTACION ASIGNADA",IF(C29="VISITAS","DOTACION VISITA",IF(C29="MTTO","DOTACION MTTO",IF(C29="PLANTA EMERGENCIA","DOTACION RES DE EMERGENCIA",IF(C29="EXTERNOS","DOTACION DE EXTERNO","DOTACION DISPONIBLE"))))))) -> DOTACION ASIGNADA
A30: 3 | B30: 029 | C30: PROCESO | D30: S | E30: =IF(B30="","",IF(A30=0,"NO HAY ESE CODIGO",IF(COUNTIF(ASIGNACIONES!$B$3:$B948,B30)=1,"DOTACION ASIGNADA",IF(C30="VISITAS","DOTACION VISITA",IF(C30="MTTO","DOTACION MTTO",IF(C30="PLANTA EMERGENCIA","DOTACION RES DE EMERGENCIA",IF(C30="EXTERNOS","DOTACION DE EXTERNO","DOTACION DISPONIBLE"))))))) -> DOTACION ASIGNADA
A31: 3 | B31: 030 | C31: PROCESO | D31: S | E31: =IF(B31="","",IF(A31=0,"NO HAY ESE CODIGO",IF(COUNTIF(ASIGNACIONES!$B$3:$B948,B31)=1,"DOTACION ASIGNADA",IF(C31="VISITAS","DOTACION VISITA",IF(C31="MTTO","DOTACION MTTO",IF(C31="PLANTA EMERGENCIA","DOTACION RES DE EMERGENCIA",IF(C31="EXTERNOS","DOTACION DE EXTERNO","DOTACION DISPONIBLE"))))))) -> DOTACION ASIGNADA
A32: 3 | B32: 031 | C32: PROCESO | D32: M | E32: =IF(B32="","",IF(A32=0,"NO HAY ESE CODIGO",IF(COUNTIF(ASIGNACIONES!$B$3:$B948,B32)=1,"DOTACION ASIGNADA",IF(C32="VISITAS","DOTACION VISITA",IF(C32="MTTO","DOTACION MTTO",IF(C32="PLANTA EMERGENCIA","DOTACION RES DE EMERGENCIA",IF(C32="EXTERNOS","DOTACION DE EXTERNO","DOTACION DISPONIBLE"))))))) -> DOTACION ASIGNADA
A33: 2 | B33: 032 | C33: PROCESO | D33: L | E33: =IF(B33="","",IF(A33=0,"NO HAY ESE CODIGO",IF(COUNTIF(ASIGNACIONES!$B$3:$B948,B33)=1,"DOTACION ASIGNADA",IF(C33="VISITAS","DOTACION VISITA",IF(C33="MTTO","DOTACION MTTO",IF(C33="PLANTA EMERGENCIA","DOTACION RES DE EMERGENCIA",IF(C33="EXTERNOS","DOTACION DE EXTERNO","DOTACION DISPONIBLE"))))))) -> DOTACION ASIGNADA
A34: 3 | B34: 033 | C34: PROCESO | D34: M | E34: =IF(B34="","",IF(A34=0,"NO HAY ESE CODIGO",IF(COUNTIF(ASIGNACIONES!$B$3:$B948,B34)=1,"DOTACION ASIGNADA",IF(C34="VISITAS","DOTACION VISITA",IF(C34="MTTO","DOTACION MTTO",IF(C34="PLANTA EMERGENCIA","DOTACION RES DE EMERGENCIA",IF(C34="EXTERNOS","DOTACION DE EXTERNO","DOTACION DISPONIBLE"))))))) -> DOTACION ASIGNADA
A35: 3 | B35: 034 | C35: PROCESO | D35: XL | E35: =IF(B35="","",IF(A35=0,"NO HAY ESE CODIGO",IF(COUNTIF(ASIGNACIONES!$B$3:$B948,B35)=1,"DOTACION ASIGNADA",IF(C35="VISITAS","DOTACION VISITA",IF(C35="MTTO","DOTACION MTTO",IF(C35="PLANTA EMERGENCIA","DOTACION RES DE EMERGENCIA",IF(C35="EXTERNOS","DOTACION DE EXTERNO","DOTACION DISPONIBLE"))))))) -> DOTACION ASIGNADA
A36: 3 | B36: 035 | C36: PROCESO | D36: M | E36: =IF(B36="","",IF(A36=0,"NO HAY ESE CODIGO",IF(COUNTIF(ASIGNACIONES!$B$3:$B948,B36)=1,"DOTACION ASIGNADA",IF(C36="VISITAS","DOTACION VISITA",IF(C36="MTTO","DOTACION MTTO",IF(C36="PLANTA EMERGENCIA","DOTACION RES DE EMERGENCIA",IF(C36="EXTERNOS","DOTACION DE EXTERNO","DOTACION DISPONIBLE"))))))) -> DOTACION ASIGNADA
A37: 3 | B37: 036 | C37: PROCESO | D37: M | E37: =IF(B37="","",IF(A37=0,"NO HAY ESE CODIGO",IF(COUNTIF(ASIGNACIONES!$B$3:$B948,B37)=1,"DOTACION ASIGNADA",IF(C37="VISITAS","DOTACION VISITA",IF(C37="MTTO","DOTACION MTTO",IF(C37="PLANTA EMERGENCIA","DOTACION RES DE EMERGENCIA",IF(C37="EXTERNOS","DOTACION DE EXTERNO","DOTACION DISPONIBLE"))))))) -> DOTACION ASIGNADA
A38: 3 | B38: 037 | C38: PROCESO | D38: M | E38: =IF(B38="","",IF(A38=0,"NO HAY ESE CODIGO",IF(COUNTIF(ASIGNACIONES!$B$3:$B948,B38)=1,"DOTACION ASIGNADA",IF(C38="VISITAS","DOTACION VISITA",IF(C38="MTTO","DOTACION MTTO",IF(C38="PLANTA EMERGENCIA","DOTACION RES DE EMERGENCIA",IF(C38="EXTERNOS","DOTACION DE EXTERNO","DOTACION DISPONIBLE"))))))) -> DOTACION ASIGNADA
A39: 3 | B39: 038 | C39: PROCESO | D39: L | E39: =IF(B39="","",IF(A39=0,"NO HAY ESE CODIGO",IF(COUNTIF(ASIGNACIONES!$B$3:$B948,B39)=1,"DOTACION ASIGNADA",IF(C39="VISITAS","DOTACION VISITA",IF(C39="MTTO","DOTACION MTTO",IF(C39="PLANTA EMERGENCIA","DOTACION RES DE EMERGENCIA",IF(C39="EXTERNOS","DOTACION DE EXTERNO","DOTACION DISPONIBLE"))))))) -> DOTACION ASIGNADA
A40: 3 | B40: 039 | C40: PROCESO | D40: M | E40: =IF(B40="","",IF(A40=0,"NO HAY ESE CODIGO",IF(COUNTIF(ASIGNACIONES!$B$3:$B948,B40)=1,"DOTACION ASIGNADA",IF(C40="VISITAS","DOTACION VISITA",IF(C40="MTTO","DOTACION MTTO",IF(C40="PLANTA EMERGENCIA","DOTACION RES DE EMERGENCIA",IF(C40="EXTERNOS","DOTACION DE EXTERNO","DOTACION DISPONIBLE"))))))) -> DOTACION DISPONIBLE
A41: 3 | B41: 040 | C41: PROCESO | D41: XL | E41: =IF(B41="","",IF(A41=0,"NO HAY ESE CODIGO",IF(COUNTIF(ASIGNACIONES!$B$3:$B948,B41)=1,"DOTACION ASIGNADA",IF(C41="VISITAS","DOTACION VISITA",IF(C41="MTTO","DOTACION MTTO",IF(C41="PLANTA EMERGENCIA","DOTACION RES DE EMERGENCIA",IF(C41="EXTERNOS","DOTACION DE EXTERNO","DOTACION DISPONIBLE"))))))) -> DOTACION DISPONIBLE
A42: 3 | B42: 041 | C42: PROCESO | D42: M | E42: =IF(B42="","",IF(A42=0,"NO HAY ESE CODIGO",IF(COUNTIF(ASIGNACIONES!$B$3:$B948,B42)=1,"DOTACION ASIGNADA",IF(C42="VISITAS","DOTACION VISITA",IF(C42="MTTO","DOTACION MTTO",IF(C42="PLANTA EMERGENCIA","DOTACION RES DE EMERGENCIA",IF(C42="EXTERNOS","DOTACION DE EXTERNO","DOTACION DISPONIBLE"))))))) -> DOTACION DISPONIBLE
A43: 3 | B43: 042 | C43: PROCESO | D43: M | E43: =IF(B43="","",IF(A43=0,"NO HAY ESE CODIGO",IF(COUNTIF(ASIGNACIONES!$B$3:$B948,B43)=1,"DOTACION ASIGNADA",IF(C43="VISITAS","DOTACION VISITA",IF(C43="MTTO","DOTACION MTTO",IF(C43="PLANTA EMERGENCIA","DOTACION RES DE EMERGENCIA",IF(C43="EXTERNOS","DOTACION DE EXTERNO","DOTACION DISPONIBLE"))))))) -> DOTACION ASIGNADA
A44: 3 | B44: 043 | C44: PROCESO | D44: L | E44: =IF(B44="","",IF(A44=0,"NO HAY ESE CODIGO",IF(COUNTIF(ASIGNACIONES!$B$3:$B948,B44)=1,"DOTACION ASIGNADA",IF(C44="VISITAS","DOTACION VISITA",IF(C44="MTTO","DOTACION MTTO",IF(C44="PLANTA EMERGENCIA","DOTACION RES DE EMERGENCIA",IF(C44="EXTERNOS","DOTACION DE EXTERNO","DOTACION DISPONIBLE"))))))) -> DOTACION DISPONIBLE
A45: 3 | B45: 044 | C45: PROCESO | D45: M | E45: =IF(B45="","",IF(A45=0,"NO HAY ESE CODIGO",IF(COUNTIF(ASIGNACIONES!$B$3:$B948,B45)=1,"DOTACION ASIGNADA",IF(C45="VISITAS","DOTACION VISITA",IF(C45="MTTO","DOTACION MTTO",IF(C45="PLANTA EMERGENCIA","DOTACION RES DE EMERGENCIA",IF(C45="EXTERNOS","DOTACION DE EXTERNO","DOTACION DISPONIBLE"))))))) -> DOTACION ASIGNADA
A46: 3 | B46: 045 | C46: PROCESO | D46: S | E46: =IF(B46="","",IF(A46=0,"NO HAY ESE CODIGO",IF(COUNTIF(ASIGNACIONES!$B$3:$B948,B46)=1,"DOTACION ASIGNADA",IF(C46="VISITAS","DOTACION VISITA",IF(C46="MTTO","DOTACION MTTO",IF(C46="PLANTA EMERGENCIA","DOTACION RES DE EMERGENCIA",IF(C46="EXTERNOS","DOTACION DE EXTERNO","DOTACION DISPONIBLE"))))))) -> DOTACION ASIGNADA
A47: 3 | B47: 046 | C47: PROCESO | D47: S | E47: =IF(B47="","",IF(A47=0,"NO HAY ESE CODIGO",IF(COUNTIF(ASIGNACIONES!$B$3:$B948,B47)=1,"DOTACION ASIGNADA",IF(C47="VISITAS","DOTACION VISITA",IF(C47="MTTO","DOTACION MTTO",IF(C47="PLANTA EMERGENCIA","DOTACION RES DE EMERGENCIA",IF(C47="EXTERNOS","DOTACION DE EXTERNO","DOTACION DISPONIBLE"))))))) -> DOTACION ASIGNADA
A48: 3 | B48: 047 | C48: PROCESO | D48: M | E48: =IF(B48="","",IF(A48=0,"NO HAY ESE CODIGO",IF(COUNTIF(ASIGNACIONES!$B$3:$B948,B48)=1,"DOTACION ASIGNADA",IF(C48="VISITAS","DOTACION VISITA",IF(C48="MTTO","DOTACION MTTO",IF(C48="PLANTA EMERGENCIA","DOTACION RES DE EMERGENCIA",IF(C48="EXTERNOS","DOTACION DE EXTERNO","DOTACION DISPONIBLE"))))))) -> DOTACION ASIGNADA
A49: 3 | B49: 048 | C49: PROCESO | D49: M | E49: =IF(B49="","",IF(A49=0,"NO HAY ESE CODIGO",IF(COUNTIF(ASIGNACIONES!$B$3:$B948,B49)=1,"DOTACION ASIGNADA",IF(C49="VISITAS","DOTACION VISITA",IF(C49="MTTO","DOTACION MTTO",IF(C49="PLANTA EMERGENCIA","DOTACION RES DE EMERGENCIA",IF(C49="EXTERNOS","DOTACION DE EXTERNO","DOTACION DISPONIBLE"))))))) -> DOTACION ASIGNADA
A50: 3 | B50: 049 | C50: PROCESO | D50: L | E50: =IF(B50="","",IF(A50=0,"NO HAY ESE CODIGO",IF(COUNTIF(ASIGNACIONES!$B$3:$B948,B50)=1,"DOTACION ASIGNADA",IF(C50="VISITAS","DOTACION VISITA",IF(C50="MTTO","DOTACION MTTO",IF(C50="PLANTA EMERGENCIA","DOTACION RES DE EMERGENCIA",IF(C50="EXTERNOS","DOTACION DE EXTERNO","DOTACION DISPONIBLE"))))))) -> DOTACION ASIGNADA
A51: 3 | B51: 050 | C51: PROCESO | D51: S | E51: =IF(B51="","",IF(A51=0,"NO HAY ESE CODIGO",IF(COUNTIF(ASIGNACIONES!$B$3:$B948,B51)=1,"DOTACION ASIGNADA",IF(C51="VISITAS","DOTACION VISITA",IF(C51="MTTO","DOTACION MTTO",IF(C51="PLANTA EMERGENCIA","DOTACION RES DE EMERGENCIA",IF(C51="EXTERNOS","DOTACION DE EXTERNO","DOTACION DISPONIBLE"))))))) -> DOTACION ASIGNADA
A52: 3 | B52: 051 | C52: PROCESO | D52: M | E52: =IF(B52="","",IF(A52=0,"NO HAY ESE CODIGO",IF(COUNTIF(ASIGNACIONES!$B$3:$B948,B52)=1,"DOTACION ASIGNADA",IF(C52="VISITAS","DOTACION VISITA",IF(C52="MTTO","DOTACION MTTO",IF(C52="PLANTA EMERGENCIA","DOTACION RES DE EMERGENCIA",IF(C52="EXTERNOS","DOTACION DE EXTERNO","DOTACION DISPONIBLE"))))))) -> DOTACION ASIGNADA
A53: 3 | B53: 052 | C53: PROCESO | D53: L | E53: =IF(B53="","",IF(A53=0,"NO HAY ESE CODIGO",IF(COUNTIF(ASIGNACIONES!$B$3:$B948,B53)=1,"DOTACION ASIGNADA",IF(C53="VISITAS","DOTACION VISITA",IF(C53="MTTO","DOTACION MTTO",IF(C53="PLANTA EMERGENCIA","DOTACION RES DE EMERGENCIA",IF(C53="EXTERNOS","DOTACION DE EXTERNO","DOTACION DISPONIBLE"))))))) -> DOTACION DISPONIBLE
A54: 3 | B54: 053 | C54: PROCESO | D54: L | E54: =IF(B54="","",IF(A54=0,"NO HAY ESE CODIGO",IF(COUNTIF(ASIGNACIONES!$B$3:$B948,B54)=1,"DOTACION ASIGNADA",IF(C54="VISITAS","DOTACION VISITA",IF(C54="MTTO","DOTACION MTTO",IF(C54="PLANTA EMERGENCIA","DOTACION RES DE EMERGENCIA",IF(C54="EXTERNOS","DOTACION DE EXTERNO","DOTACION DISPONIBLE"))))))) -> DOTACION ASIGNADA
A55: 3 | B55: 054 | C55: PROCESO | D55: XL | E55: =IF(B55="","",IF(A55=0,"NO HAY ESE CODIGO",IF(COUNTIF(ASIGNACIONES!$B$3:$B948,B55)=1,"DOTACION ASIGNADA",IF(C55="VISITAS","DOTACION VISITA",IF(C55="MTTO","DOTACION MTTO",IF(C55="PLANTA EMERGENCIA","DOTACION RES DE EMERGENCIA",IF(C55="EXTERNOS","DOTACION DE EXTERNO","DOTACION DISPONIBLE"))))))) -> DOTACION ASIGNADA
A56: 3 | B56: 055 | C56: PROCESO | D56: L | E56: =IF(B56="","",IF(A56=0,"NO HAY ESE CODIGO",IF(COUNTIF(ASIGNACIONES!$B$3:$B948,B56)=1,"DOTACION ASIGNADA",IF(C56="VISITAS","DOTACION VISITA",IF(C56="MTTO","DOTACION MTTO",IF(C56="PLANTA EMERGENCIA","DOTACION RES DE EMERGENCIA",IF(C56="EXTERNOS","DOTACION DE EXTERNO","DOTACION DISPONIBLE"))))))) -> DOTACION ASIGNADA
A57: 3 | B57: 056 | C57: PROCESO | D57: L | E57: =IF(B57="","",IF(A57=0,"NO HAY ESE CODIGO",IF(COUNTIF(ASIGNACIONES!$B$3:$B948,B57)=1,"DOTACION ASIGNADA",IF(C57="VISITAS","DOTACION VISITA",IF(C57="MTTO","DOTACION MTTO",IF(C57="PLANTA EMERGENCIA","DOTACION RES DE EMERGENCIA",IF(C57="EXTERNOS","DOTACION DE EXTERNO","DOTACION DISPONIBLE"))))))) -> DOTACION ASIGNADA
A58: 3 | B58: 057 | C58: PROCESO | D58: M | E58: =IF(B58="","",IF(A58=0,"NO HAY ESE CODIGO",IF(COUNTIF(ASIGNACIONES!$B$3:$B948,B58)=1,"DOTACION ASIGNADA",IF(C58="VISITAS","DOTACION VISITA",IF(C58="MTTO","DOTACION MTTO",IF(C58="PLANTA EMERGENCIA","DOTACION RES DE EMERGENCIA",IF(C58="EXTERNOS","DOTACION DE EXTERNO","DOTACION DISPONIBLE"))))))) -> DOTACION ASIGNADA
A59: 3 | B59: 058 | C59: PROCESO | D59: M | E59: =IF(B59="","",IF(A59=0,"NO HAY ESE CODIGO",IF(COUNTIF(ASIGNACIONES!$B$3:$B948,B59)=1,"DOTACION ASIGNADA",IF(C59="VISITAS","DOTACION VISITA",IF(C59="MTTO","DOTACION MTTO",IF(C59="PLANTA EMERGENCIA","DOTACION RES DE EMERGENCIA",IF(C59="EXTERNOS","DOTACION DE EXTERNO","DOTACION DISPONIBLE"))))))) -> DOTACION ASIGNADA
A60: 3 | B60: 059 | C60: PROCESO | D60: M | E60: =IF(B60="","",IF(A60=0,"NO HAY ESE CODIGO",IF(COUNTIF(ASIGNACIONES!$B$3:$B948,B60)=1,"DOTACION ASIGNADA",IF(C60="VISITAS","DOTACION VISITA",IF(C60="MTTO","DOTACION MTTO",IF(C60="PLANTA EMERGENCIA","DOTACION RES DE EMERGENCIA",IF(C60="EXTERNOS","DOTACION DE EXTERNO","DOTACION DISPONIBLE"))))))) -> DOTACION ASIGNADA
A61: 3 | B61: 060 | C61: PROCESO | D61: L | E61: =IF(B61="","",IF(A61=0,"NO HAY ESE CODIGO",IF(COUNTIF(ASIGNACIONES!$B$3:$B948,B61)=1,"DOTACION ASIGNADA",IF(C61="VISITAS","DOTACION VISITA",IF(C61="MTTO","DOTACION MTTO",IF(C61="PLANTA EMERGENCIA","DOTACION RES DE EMERGENCIA",IF(C61="EXTERNOS","DOTACION DE EXTERNO","DOTACION DISPONIBLE"))))))) -> DOTACION ASIGNADA
A62: 3 | B62: 061 | C62: PROCESO | D62: M | E62: =IF(B62="","",IF(A62=0,"NO HAY ESE CODIGO",IF(COUNTIF(ASIGNACIONES!$B$3:$B948,B62)=1,"DOTACION ASIGNADA",IF(C62="VISITAS","DOTACION VISITA",IF(C62="MTTO","DOTACION MTTO",IF(C62="PLANTA EMERGENCIA","DOTACION RES DE EMERGENCIA",IF(C62="EXTERNOS","DOTACION DE EXTERNO","DOTACION DISPONIBLE"))))))) -> DOTACION ASIGNADA
A63: 3 | B63: 062 | C63: PROCESO | D63: XS | E63: =IF(B63="","",IF(A63=0,"NO HAY ESE CODIGO",IF(COUNTIF(ASIGNACIONES!$B$3:$B948,B63)=1,"DOTACION ASIGNADA",IF(C63="VISITAS","DOTACION VISITA",IF(C63="MTTO","DOTACION MTTO",IF(C63="PLANTA EMERGENCIA","DOTACION RES DE EMERGENCIA",IF(C63="EXTERNOS","DOTACION DE EXTERNO","DOTACION DISPONIBLE"))))))) -> DOTACION ASIGNADA
A64: 3 | B64: 063 | C64: PROCESO | D64: M | E64: =IF(B64="","",IF(A64=0,"NO HAY ESE CODIGO",IF(COUNTIF(ASIGNACIONES!$B$3:$B948,B64)=1,"DOTACION ASIGNADA",IF(C64="VISITAS","DOTACION VISITA",IF(C64="MTTO","DOTACION MTTO",IF(C64="PLANTA EMERGENCIA","DOTACION RES DE EMERGENCIA",IF(C64="EXTERNOS","DOTACION DE EXTERNO","DOTACION DISPONIBLE"))))))) -> DOTACION DISPONIBLE
A65: 2 | B65: 064 | C65: PROCESO | D65: XXL | E65: =IF(B65="","",IF(A65=0,"NO HAY ESE CODIGO",IF(COUNTIF(ASIGNACIONES!$B$3:$B948,B65)=1,"DOTACION ASIGNADA",IF(C65="VISITAS","DOTACION VISITA",IF(C65="MTTO","DOTACION MTTO",IF(C65="PLANTA EMERGENCIA","DOTACION RES DE EMERGENCIA",IF(C65="EXTERNOS","DOTACION DE EXTERNO","DOTACION DISPONIBLE"))))))) -> DOTACION ASIGNADA
A66: 3 | B66: 065 | C66: PROCESO | D66: L | E66: =IF(B66="","",IF(A66=0,"NO HAY ESE CODIGO",IF(COUNTIF(ASIGNACIONES!$B$3:$B948,B66)=1,"DOTACION ASIGNADA",IF(C66="VISITAS","DOTACION VISITA",IF(C66="MTTO","DOTACION MTTO",IF(C66="PLANTA EMERGENCIA","DOTACION RES DE EMERGENCIA",IF(C66="EXTERNOS","DOTACION DE EXTERNO","DOTACION DISPONIBLE"))))))) -> DOTACION ASIGNADA
A67: 3 | B67: 066 | C67: PROCESO | D67: L | E67: =IF(B67="","",IF(A67=0,"NO HAY ESE CODIGO",IF(COUNTIF(ASIGNACIONES!$B$3:$B948,B67)=1,"DOTACION ASIGNADA",IF(C67="VISITAS","DOTACION VISITA",IF(C67="MTTO","DOTACION MTTO",IF(C67="PLANTA EMERGENCIA","DOTACION RES DE EMERGENCIA",IF(C67="EXTERNOS","DOTACION DE EXTERNO","DOTACION DISPONIBLE"))))))) -> DOTACION ASIGNADA
A68: 3 | B68: 067 | C68: PROCESO | D68: L | E68: =IF(B68="","",IF(A68=0,"NO HAY ESE CODIGO",IF(COUNTIF(ASIGNACIONES!$B$3:$B948,B68)=1,"DOTACION ASIGNADA",IF(C68="VISITAS","DOTACION VISITA",IF(C68="MTTO","DOTACION MTTO",IF(C68="PLANTA EMERGENCIA","DOTACION RES DE EMERGENCIA",IF(C68="EXTERNOS","DOTACION DE EXTERNO","DOTACION DISPONIBLE"))))))) -> DOTACION DISPONIBLE
A69: 2 | B69: 068 | C69: PROCESO | D69: XXXL | E69: =IF(B69="","",IF(A69=0,"NO HAY ESE CODIGO",IF(COUNTIF(ASIGNACIONES!$B$3:$B948,B69)=1,"DOTACION ASIGNADA",IF(C69="VISITAS","DOTACION VISITA",IF(C69="MTTO","DOTACION MTTO",IF(C69="PLANTA EMERGENCIA","DOTACION RES DE EMERGENCIA",IF(C69="EXTERNOS","DOTACION DE EXTERNO","DOTACION DISPONIBLE"))))))) -> DOTACION ASIGNADA
A70: 3 | B70: 069 | C70: PROCESO | D70: M | E70: =IF(B70="","",IF(A70=0,"NO HAY ESE CODIGO",IF(COUNTIF(ASIGNACIONES!$B$3:$B948,B70)=1,"DOTACION ASIGNADA",IF(C70="VISITAS","DOTACION VISITA",IF(C70="MTTO","DOTACION MTTO",IF(C70="PLANTA EMERGENCIA","DOTACION RES DE EMERGENCIA",IF(C70="EXTERNOS","DOTACION DE EXTERNO","DOTACION DISPONIBLE"))))))) -> DOTACION DISPONIBLE
A71: 3 | B71: 070 | C71: PROCESO | D71: L | E71: =IF(B71="","",IF(A71=0,"NO HAY ESE CODIGO",IF(COUNTIF(ASIGNACIONES!$B$3:$B948,B71)=1,"DOTACION ASIGNADA",IF(C71="VISITAS","DOTACION VISITA",IF(C71="MTTO","DOTACION MTTO",IF(C71="PLANTA EMERGENCIA","DOTACION RES DE EMERGENCIA",IF(C71="EXTERNOS","DOTACION DE EXTERNO","DOTACION DISPONIBLE"))))))) -> DOTACION ASIGNADA
A72: 3 | B72: 071 | C72: PROCESO | D72: M | E72: =IF(B72="","",IF(A72=0,"NO HAY ESE CODIGO",IF(COUNTIF(ASIGNACIONES!$B$3:$B948,B72)=1,"DOTACION ASIGNADA",IF(C72="VISITAS","DOTACION VISITA",IF(C72="MTTO","DOTACION MTTO",IF(C72="PLANTA EMERGENCIA","DOTACION RES DE EMERGENCIA",IF(C72="EXTERNOS","DOTACION DE EXTERNO","DOTACION DISPONIBLE"))))))) -> DOTACION ASIGNADA
A73: 3 | B73: 072 | C73: PROCESO | D73: S | E73: =IF(B73="","",IF(A73=0,"NO HAY ESE CODIGO",IF(COUNTIF(ASIGNACIONES!$B$3:$B948,B73)=1,"DOTACION ASIGNADA",IF(C73="VISITAS","DOTACION VISITA",IF(C73="MTTO","DOTACION MTTO",IF(C73="PLANTA EMERGENCIA","DOTACION RES DE EMERGENCIA",IF(C73="EXTERNOS","DOTACION DE EXTERNO","DOTACION DISPONIBLE"))))))) -> DOTACION DISPONIBLE
A74: 3 | B74: 073 | C74: PROCESO | D74: L | E74: =IF(B74="","",IF(A74=0,"NO HAY ESE CODIGO",IF(COUNTIF(ASIGNACIONES!$B$3:$B948,B74)=1,"DOTACION ASIGNADA",IF(C74="VISITAS","DOTACION VISITA",IF(C74="MTTO","DOTACION MTTO",IF(C74="PLANTA EMERGENCIA","DOTACION RES DE EMERGENCIA",IF(C74="EXTERNOS","DOTACION DE EXTERNO","DOTACION DISPONIBLE"))))))) -> DOTACION ASIGNADA
A75: 3 | B75: 074 | C75: PROCESO | D75: M | E75: =IF(B75="","",IF(A75=0,"NO HAY ESE CODIGO",IF(COUNTIF(ASIGNACIONES!$B$3:$B948,B75)=1,"DOTACION ASIGNADA",IF(C75="VISITAS","DOTACION VISITA",IF(C75="MTTO","DOTACION MTTO",IF(C75="PLANTA EMERGENCIA","DOTACION RES DE EMERGENCIA",IF(C75="EXTERNOS","DOTACION DE EXTERNO","DOTACION DISPONIBLE"))))))) -> DOTACION DISPONIBLE
A76: 3 | B76: 075 | C76: PROCESO | D76: M | E76: =IF(B76="","",IF(A76=0,"NO HAY ESE CODIGO",IF(COUNTIF(ASIGNACIONES!$B$3:$B948,B76)=1,"DOTACION ASIGNADA",IF(C76="VISITAS","DOTACION VISITA",IF(C76="MTTO","DOTACION MTTO",IF(C76="PLANTA EMERGENCIA","DOTACION RES DE EMERGENCIA",IF(C76="EXTERNOS","DOTACION DE EXTERNO","DOTACION DISPONIBLE"))))))) -> DOTACION ASIGNADA
A77: 3 | B77: 076 | C77: PROCESO | D77: M | E77: =IF(B77="","",IF(A77=0,"NO HAY ESE CODIGO",IF(COUNTIF(ASIGNACIONES!$B$3:$B948,B77)=1,"DOTACION ASIGNADA",IF(C77="VISITAS","DOTACION VISITA",IF(C77="MTTO","DOTACION MTTO",IF(C77="PLANTA EMERGENCIA","DOTACION RES DE EMERGENCIA",IF(C77="EXTERNOS","DOTACION DE EXTERNO","DOTACION DISPONIBLE"))))))) -> DOTACION DISPONIBLE
A78: 3 | B78: 077 | C78: PROCESO | D78: M | E78: =IF(B78="","",IF(A78=0,"NO HAY ESE CODIGO",IF(COUNTIF(ASIGNACIONES!$B$3:$B948,B78)=1,"DOTACION ASIGNADA",IF(C78="VISITAS","DOTACION VISITA",IF(C78="MTTO","DOTACION MTTO",IF(C78="PLANTA EMERGENCIA","DOTACION RES DE EMERGENCIA",IF(C78="EXTERNOS","DOTACION DE EXTERNO","DOTACION DISPONIBLE"))))))) -> DOTACION DISPONIBLE
A79: 3 | B79: 078 | C79: PROCESO | D79: M | E79: =IF(B79="","",IF(A79=0,"NO HAY ESE CODIGO",IF(COUNTIF(ASIGNACIONES!$B$3:$B948,B79)=1,"DOTACION ASIGNADA",IF(C79="VISITAS","DOTACION VISITA",IF(C79="MTTO","DOTACION MTTO",IF(C79="PLANTA EMERGENCIA","DOTACION RES DE EMERGENCIA",IF(C79="EXTERNOS","DOTACION DE EXTERNO","DOTACION DISPONIBLE"))))))) -> DOTACION ASIGNADA
A80: 3 | B80: 079 | C80: PROCESO | D80: M | E80: =IF(B80="","",IF(A80=0,"NO HAY ESE CODIGO",IF(COUNTIF(ASIGNACIONES!$B$3:$B948,B80)=1,"DOTACION ASIGNADA",IF(C80="VISITAS","DOTACION VISITA",IF(C80="MTTO","DOTACION MTTO",IF(C80="PLANTA EMERGENCIA","DOTACION RES DE EMERGENCIA",IF(C80="EXTERNOS","DOTACION DE EXTERNO","DOTACION DISPONIBLE"))))))) -> DOTACION ASIGNADA
A81: 3 | B81: 080 | C81: PROCESO | D81: M | E81: =IF(B81="","",IF(A81=0,"NO HAY ESE CODIGO",IF(COUNTIF(ASIGNACIONES!$B$3:$B948,B81)=1,"DOTACION ASIGNADA",IF(C81="VISITAS","DOTACION VISITA",IF(C81="MTTO","DOTACION MTTO",IF(C81="PLANTA EMERGENCIA","DOTACION RES DE EMERGENCIA",IF(C81="EXTERNOS","DOTACION DE EXTERNO","DOTACION DISPONIBLE"))))))) -> DOTACION ASIGNADA
A82: 3 | B82: 081 | C82: PROCESO | D82: M | E82: =IF(B82="","",IF(A82=0,"NO HAY ESE CODIGO",IF(COUNTIF(ASIGNACIONES!$B$3:$B948,B82)=1,"DOTACION ASIGNADA",IF(C82="VISITAS","DOTACION VISITA",IF(C82="MTTO","DOTACION MTTO",IF(C82="PLANTA EMERGENCIA","DOTACION RES DE EMERGENCIA",IF(C82="EXTERNOS","DOTACION DE EXTERNO","DOTACION DISPONIBLE"))))))) -> DOTACION ASIGNADA
A83: 3 | B83: 082 | C83: PROCESO | D83: M | E83: =IF(B83="","",IF(A83=0,"NO HAY ESE CODIGO",IF(COUNTIF(ASIGNACIONES!$B$3:$B948,B83)=1,"DOTACION ASIGNADA",IF(C83="VISITAS","DOTACION VISITA",IF(C83="MTTO","DOTACION MTTO",IF(C83="PLANTA EMERGENCIA","DOTACION RES DE EMERGENCIA",IF(C83="EXTERNOS","DOTACION DE EXTERNO","DOTACION DISPONIBLE"))))))) -> DOTACION DISPONIBLE
A84: 3 | B84: 083 | C84: PROCESO | D84: M | E84: =IF(B84="","",IF(A84=0,"NO HAY ESE CODIGO",IF(COUNTIF(ASIGNACIONES!$B$3:$B948,B84)=1,"DOTACION ASIGNADA",IF(C84="VISITAS","DOTACION VISITA",IF(C84="MTTO","DOTACION MTTO",IF(C84="PLANTA EMERGENCIA","DOTACION RES DE EMERGENCIA",IF(C84="EXTERNOS","DOTACION DE EXTERNO","DOTACION DISPONIBLE"))))))) -> DOTACION ASIGNADA
A85: 3 | B85: 084 | C85: PROCESO | D85: L | E85: =IF(B85="","",IF(A85=0,"NO HAY ESE CODIGO",IF(COUNTIF(ASIGNACIONES!$B$3:$B948,B85)=1,"DOTACION ASIGNADA",IF(C85="VISITAS","DOTACION VISITA",IF(C85="MTTO","DOTACION MTTO",IF(C85="PLANTA EMERGENCIA","DOTACION RES DE EMERGENCIA",IF(C85="EXTERNOS","DOTACION DE EXTERNO","DOTACION DISPONIBLE"))))))) -> DOTACION DISPONIBLE
A86: 3 | B86: 085 | C86: PROCESO | D86: L | E86: =IF(B86="","",IF(A86=0,"NO HAY ESE CODIGO",IF(COUNTIF(ASIGNACIONES!$B$3:$B948,B86)=1,"DOTACION ASIGNADA",IF(C86="VISITAS","DOTACION VISITA",IF(C86="MTTO","DOTACION MTTO",IF(C86="PLANTA EMERGENCIA","DOTACION RES DE EMERGENCIA",IF(C86="EXTERNOS","DOTACION DE EXTERNO","DOTACION DISPONIBLE"))))))) -> DOTACION ASIGNADA
A87: 3 | B87: 086 | C87: PROCESO | D87: M | E87: =IF(B87="","",IF(A87=0,"NO HAY ESE CODIGO",IF(COUNTIF(ASIGNACIONES!$B$3:$B948,B87)=1,"DOTACION ASIGNADA",IF(C87="VISITAS","DOTACION VISITA",IF(C87="MTTO","DOTACION MTTO",IF(C87="PLANTA EMERGENCIA","DOTACION RES DE EMERGENCIA",IF(C87="EXTERNOS","DOTACION DE EXTERNO","DOTACION DISPONIBLE"))))))) -> DOTACION ASIGNADA
A88: 3 | B88: 087 | C88: PROCESO | D88: L | E88: =IF(B88="","",IF(A88=0,"NO HAY ESE CODIGO",IF(COUNTIF(ASIGNACIONES!$B$3:$B948,B88)=1,"DOTACION ASIGNADA",IF(C88="VISITAS","DOTACION VISITA",IF(C88="MTTO","DOTACION MTTO",IF(C88="PLANTA EMERGENCIA","DOTACION RES DE EMERGENCIA",IF(C88="EXTERNOS","DOTACION DE EXTERNO","DOTACION DISPONIBLE"))))))) -> DOTACION ASIGNADA
A89: 3 | B89: 088 | C89: PROCESO | D89: L | E89: =IF(B89="","",IF(A89=0,"NO HAY ESE CODIGO",IF(COUNTIF(ASIGNACIONES!$B$3:$B948,B89)=1,"DOTACION ASIGNADA",IF(C89="VISITAS","DOTACION VISITA",IF(C89="MTTO","DOTACION MTTO",IF(C89="PLANTA EMERGENCIA","DOTACION RES DE EMERGENCIA",IF(C89="EXTERNOS","DOTACION DE EXTERNO","DOTACION DISPONIBLE"))))))) -> DOTACION ASIGNADA
A90: 3 | B90: 089 | C90: PROCESO | D90: M | E90: =IF(B90="","",IF(A90=0,"NO HAY ESE CODIGO",IF(COUNTIF(ASIGNACIONES!$B$3:$B948,B90)=1,"DOTACION ASIGNADA",IF(C90="VISITAS","DOTACION VISITA",IF(C90="MTTO","DOTACION MTTO",IF(C90="PLANTA EMERGENCIA","DOTACION RES DE EMERGENCIA",IF(C90="EXTERNOS","DOTACION DE EXTERNO","DOTACION DISPONIBLE"))))))) -> DOTACION DISPONIBLE
A91: 3 | B91: 090 | C91: PROCESO | D91: XL | E91: =IF(B91="","",IF(A91=0,"NO HAY ESE CODIGO",IF(COUNTIF(ASIGNACIONES!$B$3:$B948,B91)=1,"DOTACION ASIGNADA",IF(C91="VISITAS","DOTACION VISITA",IF(C91="MTTO","DOTACION MTTO",IF(C91="PLANTA EMERGENCIA","DOTACION RES DE EMERGENCIA",IF(C91="EXTERNOS","DOTACION DE EXTERNO","DOTACION DISPONIBLE"))))))) -> DOTACION ASIGNADA
A92: 3 | B92: 091 | C92: PROCESO | D92: L | E92: =IF(B92="","",IF(A92=0,"NO HAY ESE CODIGO",IF(COUNTIF(ASIGNACIONES!$B$3:$B948,B92)=1,"DOTACION ASIGNADA",IF(C92="VISITAS","DOTACION VISITA",IF(C92="MTTO","DOTACION MTTO",IF(C92="PLANTA EMERGENCIA","DOTACION RES DE EMERGENCIA",IF(C92="EXTERNOS","DOTACION DE EXTERNO","DOTACION DISPONIBLE"))))))) -> DOTACION ASIGNADA
A93: 3 | B93: 092 | C93: PROCESO | D93: L | E93: =IF(B93="","",IF(A93=0,"NO HAY ESE CODIGO",IF(COUNTIF(ASIGNACIONES!$B$3:$B948,B93)=1,"DOTACION ASIGNADA",IF(C93="VISITAS","DOTACION VISITA",IF(C93="MTTO","DOTACION MTTO",IF(C93="PLANTA EMERGENCIA","DOTACION RES DE EMERGENCIA",IF(C93="EXTERNOS","DOTACION DE EXTERNO","DOTACION DISPONIBLE"))))))) -> DOTACION ASIGNADA
A94: 3 | B94: 093 | C94: PROCESO | D94: L | E94: =IF(B94="","",IF(A94=0,"NO HAY ESE CODIGO",IF(COUNTIF(ASIGNACIONES!$B$3:$B948,B94)=1,"DOTACION ASIGNADA",IF(C94="VISITAS","DOTACION VISITA",IF(C94="MTTO","DOTACION MTTO",IF(C94="PLANTA EMERGENCIA","DOTACION RES DE EMERGENCIA",IF(C94="EXTERNOS","DOTACION DE EXTERNO","DOTACION DISPONIBLE"))))))) -> DOTACION ASIGNADA
A95: 3 | B95: 094 | C95: PROCESO | D95: XL | E95: =IF(B95="","",IF(A95=0,"NO HAY ESE CODIGO",IF(COUNTIF(ASIGNACIONES!$B$3:$B948,B95)=1,"DOTACION ASIGNADA",IF(C95="VISITAS","DOTACION VISITA",IF(C95="MTTO","DOTACION MTTO",IF(C95="PLANTA EMERGENCIA","DOTACION RES DE EMERGENCIA",IF(C95="EXTERNOS","DOTACION DE EXTERNO","DOTACION DISPONIBLE"))))))) -> DOTACION ASIGNADA
A96: 3 | B96: 095 | C96: PROCESO | D96: L | E96: =IF(B96="","",IF(A96=0,"NO HAY ESE CODIGO",IF(COUNTIF(ASIGNACIONES!$B$3:$B948,B96)=1,"DOTACION ASIGNADA",IF(C96="VISITAS","DOTACION VISITA",IF(C96="MTTO","DOTACION MTTO",IF(C96="PLANTA EMERGENCIA","DOTACION RES DE EMERGENCIA",IF(C96="EXTERNOS","DOTACION DE EXTERNO","DOTACION DISPONIBLE"))))))) -> DOTACION DISPONIBLE
A97: 3 | B97: 096 | C97: PROCESO | D97: L | E97: =IF(B97="","",IF(A97=0,"NO HAY ESE CODIGO",IF(COUNTIF(ASIGNACIONES!$B$3:$B948,B97)=1,"DOTACION ASIGNADA",IF(C97="VISITAS","DOTACION VISITA",IF(C97="MTTO","DOTACION MTTO",IF(C97="PLANTA EMERGENCIA","DOTACION RES DE EMERGENCIA",IF(C97="EXTERNOS","DOTACION DE EXTERNO","DOTACION DISPONIBLE"))))))) -> DOTACION ASIGNADA
A98: 3 | B98: 097 | C98: PROCESO | D98: L | E98: =IF(B98="","",IF(A98=0,"NO HAY ESE CODIGO",IF(COUNTIF(ASIGNACIONES!$B$3:$B948,B98)=1,"DOTACION ASIGNADA",IF(C98="VISITAS","DOTACION VISITA",IF(C98="MTTO","DOTACION MTTO",IF(C98="PLANTA EMERGENCIA","DOTACION RES DE EMERGENCIA",IF(C98="EXTERNOS","DOTACION DE EXTERNO","DOTACION DISPONIBLE"))))))) -> DOTACION ASIGNADA
A99: 3 | B99: 098 | C99: PROCESO | D99: XXL | E99: =IF(B99="","",IF(A99=0,"NO HAY ESE CODIGO",IF(COUNTIF(ASIGNACIONES!$B$3:$B948,B99)=1,"DOTACION ASIGNADA",IF(C99="VISITAS","DOTACION VISITA",IF(C99="MTTO","DOTACION MTTO",IF(C99="PLANTA EMERGENCIA","DOTACION RES DE EMERGENCIA",IF(C99="EXTERNOS","DOTACION DE EXTERNO","DOTACION DISPONIBLE"))))))) -> DOTACION ASIGNADA
A100: 3 | B100: 099 | C100: PROCESO | D100: XL | E100: =IF(B100="","",IF(A100=0,"NO HAY ESE CODIGO",IF(COUNTIF(ASIGNACIONES!$B$3:$B948,B100)=1,"DOTACION ASIGNADA",IF(C100="VISITAS","DOTACION VISITA",IF(C100="MTTO","DOTACION MTTO",IF(C100="PLANTA EMERGENCIA","DOTACION RES DE EMERGENCIA",IF(C100="EXTERNOS","DOTACION DE EXTERNO","DOTACION DISPONIBLE"))))))) -> DOTACION DISPONIBLE
...

Sheet DOTACIONES DISPONIBLES
A1: CODIGO DE DOTACION | B1: TALLA | C1: CANTIDAD
A2: =IFERROR(__xludf.DUMMYFUNCTION("FILTER(DOTACIONES!B:B,DOTACIONES!$E:$E=""DOTACION DISPONIBLE"")"),"010") -> 010 | B2: =IFERROR(__xludf.DUMMYFUNCTION("FILTER(DOTACIONES!D:D,DOTACIONES!$E:$E=""DOTACION DISPONIBLE"")"),"M") -> M | C2: =IFERROR(__xludf.DUMMYFUNCTION("FILTER(DOTACIONES!A:A,DOTACIONES!$E:$E=""DOTACION DISPONIBLE"")"),2) -> 2
A3: =IFERROR(__xludf.DUMMYFUNCTION("""COMPUTED_VALUE"""),"014") -> 014 | B3: =IFERROR(__xludf.DUMMYFUNCTION("""COMPUTED_VALUE"""),"L") -> L | C3: =IFERROR(__xludf.DUMMYFUNCTION("""COMPUTED_VALUE"""),3) -> 3
A4: =IFERROR(__xludf.DUMMYFUNCTION("""COMPUTED_VALUE"""),"026") -> 026 | B4: =IFERROR(__xludf.DUMMYFUNCTION("""COMPUTED_VALUE"""),"L") -> L | C4: =IFERROR(__xludf.DUMMYFUNCTION("""COMPUTED_VALUE"""),3) -> 3
A5: =IFERROR(__xludf.DUMMYFUNCTION("""COMPUTED_VALUE"""),"039") -> 039 | B5: =IFERROR(__xludf.DUMMYFUNCTION("""COMPUTED_VALUE"""),"M") -> M | C5: =IFERROR(__xludf.DUMMYFUNCTION("""COMPUTED_VALUE"""),3) -> 3
A6: =IFERROR(__xludf.DUMMYFUNCTION("""COMPUTED_VALUE"""),"040") -> 040 | B6: =IFERROR(__xludf.DUMMYFUNCTION("""COMPUTED_VALUE"""),"XL") -> XL | C6: =IFERROR(__xludf.DUMMYFUNCTION("""COMPUTED_VALUE"""),3) -> 3
A7: =IFERROR(__xludf.DUMMYFUNCTION("""COMPUTED_VALUE"""),"041") -> 041 | B7: =IFERROR(__xludf.DUMMYFUNCTION("""COMPUTED_VALUE"""),"M") -> M | C7: =IFERROR(__xludf.DUMMYFUNCTION("""COMPUTED_VALUE"""),3) -> 3
A8: =IFERROR(__xludf.DUMMYFUNCTION("""COMPUTED_VALUE"""),"043") -> 043 | B8: =IFERROR(__xludf.DUMMYFUNCTION("""COMPUTED_VALUE"""),"L") -> L | C8: =IFERROR(__xludf.DUMMYFUNCTION("""COMPUTED_VALUE"""),3) -> 3
A9: =IFERROR(__xludf.DUMMYFUNCTION("""COMPUTED_VALUE"""),"052") -> 052 | B9: =IFERROR(__xludf.DUMMYFUNCTION("""COMPUTED_VALUE"""),"L") -> L | C9: =IFERROR(__xludf.DUMMYFUNCTION("""COMPUTED_VALUE"""),3) -> 3
A10: =IFERROR(__xludf.DUMMYFUNCTION("""COMPUTED_VALUE"""),"063") -> 063 | B10: =IFERROR(__xludf.DUMMYFUNCTION("""COMPUTED_VALUE"""),"M") -> M | C10: =IFERROR(__xludf.DUMMYFUNCTION("""COMPUTED_VALUE"""),3) -> 3
A11: =IFERROR(__xludf.DUMMYFUNCTION("""COMPUTED_VALUE"""),"067") -> 067 | B11: =IFERROR(__xludf.DUMMYFUNCTION("""COMPUTED_VALUE"""),"L") -> L | C11: =IFERROR(__xludf.DUMMYFUNCTION("""COMPUTED_VALUE"""),3) -> 3
A12: =IFERROR(__xludf.DUMMYFUNCTION("""COMPUTED_VALUE"""),"069") -> 069 | B12: =IFERROR(__xludf.DUMMYFUNCTION("""COMPUTED_VALUE"""),"M") -> M | C12: =IFERROR(__xludf.DUMMYFUNCTION("""COMPUTED_VALUE"""),3) -> 3
A13: =IFERROR(__xludf.DUMMYFUNCTION("""COMPUTED_VALUE"""),"072") -> 072 | B13: =IFERROR(__xludf.DUMMYFUNCTION("""COMPUTED_VALUE"""),"S") -> S | C13: =IFERROR(__xludf.DUMMYFUNCTION("""COMPUTED_VALUE"""),3) -> 3
A14: =IFERROR(__xludf.DUMMYFUNCTION("""COMPUTED_VALUE"""),"074") -> 074 | B14: =IFERROR(__xludf.DUMMYFUNCTION("""COMPUTED_VALUE"""),"M") -> M | C14: =IFERROR(__xludf.DUMMYFUNCTION("""COMPUTED_VALUE"""),3) -> 3
A15: =IFERROR(__xludf.DUMMYFUNCTION("""COMPUTED_VALUE"""),"076") -> 076 | B15: =IFERROR(__xludf.DUMMYFUNCTION("""COMPUTED_VALUE"""),"M") -> M | C15: =IFERROR(__xludf.DUMMYFUNCTION("""COMPUTED_VALUE"""),3) -> 3
A16: =IFERROR(__xludf.DUMMYFUNCTION("""COMPUTED_VALUE"""),"077") -> 077 | B16: =IFERROR(__xludf.DUMMYFUNCTION("""COMPUTED_VALUE"""),"M") -> M | C16: =IFERROR(__xludf.DUMMYFUNCTION("""COMPUTED_VALUE"""),3) -> 3
A17: =IFERROR(__xludf.DUMMYFUNCTION("""COMPUTED_VALUE"""),"082") -> 082 | B17: =IFERROR(__xludf.DUMMYFUNCTION("""COMPUTED_VALUE"""),"M") -> M | C17: =IFERROR(__xludf.DUMMYFUNCTION("""COMPUTED_VALUE"""),3) -> 3
A18: =IFERROR(__xludf.DUMMYFUNCTION("""COMPUTED_VALUE"""),"084") -> 084 | B18: =IFERROR(__xludf.DUMMYFUNCTION("""COMPUTED_VALUE"""),"L") -> L | C18: =IFERROR(__xludf.DUMMYFUNCTION("""COMPUTED_VALUE"""),3) -> 3
A19: =IFERROR(__xludf.DUMMYFUNCTION("""COMPUTED_VALUE"""),"089") -> 089 | B19: =IFERROR(__xludf.DUMMYFUNCTION("""COMPUTED_VALUE"""),"M") -> M | C19: =IFERROR(__xludf.DUMMYFUNCTION("""COMPUTED_VALUE"""),3) -> 3
A20: =IFERROR(__xludf.DUMMYFUNCTION("""COMPUTED_VALUE"""),"095") -> 095 | B20: =IFERROR(__xludf.DUMMYFUNCTION("""COMPUTED_VALUE"""),"L") -> L | C20: =IFERROR(__xludf.DUMMYFUNCTION("""COMPUTED_VALUE"""),3) -> 3
A21: =IFERROR(__xludf.DUMMYFUNCTION("""COMPUTED_VALUE"""),"099") -> 099 | B21: =IFERROR(__xludf.DUMMYFUNCTION("""COMPUTED_VALUE"""),"XL") -> XL | C21: =IFERROR(__xludf.DUMMYFUNCTION("""COMPUTED_VALUE"""),3) -> 3
A22: =IFERROR(__xludf.DUMMYFUNCTION("""COMPUTED_VALUE"""),"103") -> 103 | B22: =IFERROR(__xludf.DUMMYFUNCTION("""COMPUTED_VALUE"""),"L") -> L | C22: =IFERROR(__xludf.DUMMYFUNCTION("""COMPUTED_VALUE"""),3) -> 3
A23: =IFERROR(__xludf.DUMMYFUNCTION("""COMPUTED_VALUE"""),"106") -> 106 | B23: =IFERROR(__xludf.DUMMYFUNCTION("""COMPUTED_VALUE"""),"L") -> L | C23: =IFERROR(__xludf.DUMMYFUNCTION("""COMPUTED_VALUE"""),3) -> 3
A24: =IFERROR(__xludf.DUMMYFUNCTION("""COMPUTED_VALUE"""),"108") -> 108 | B24: =IFERROR(__xludf.DUMMYFUNCTION("""COMPUTED_VALUE"""),"M") -> M | C24: =IFERROR(__xludf.DUMMYFUNCTION("""COMPUTED_VALUE"""),3) -> 3
A25: =IFERROR(__xludf.DUMMYFUNCTION("""COMPUTED_VALUE"""),"114") -> 114 | B25: =IFERROR(__xludf.DUMMYFUNCTION("""COMPUTED_VALUE"""),"L") -> L | C25: =IFERROR(__xludf.DUMMYFUNCTION("""COMPUTED_VALUE"""),3) -> 3
A26: =IFERROR(__xludf.DUMMYFUNCTION("""COMPUTED_VALUE"""),"121") -> 121 | B26: =IFERROR(__xludf.DUMMYFUNCTION("""COMPUTED_VALUE"""),"XXL") -> XXL | C26: =IFERROR(__xludf.DUMMYFUNCTION("""COMPUTED_VALUE"""),3) -> 3
A27: =IFERROR(__xludf.DUMMYFUNCTION("""COMPUTED_VALUE"""),"123") -> 123 | B27: =IFERROR(__xludf.DUMMYFUNCTION("""COMPUTED_VALUE"""),"XL") -> XL | C27: =IFERROR(__xludf.DUMMYFUNCTION("""COMPUTED_VALUE"""),3) -> 3
A28: =IFERROR(__xludf.DUMMYFUNCTION("""COMPUTED_VALUE"""),"124") -> 124 | B28: =IFERROR(__xludf.DUMMYFUNCTION("""COMPUTED_VALUE"""),"L") -> L | C28: =IFERROR(__xludf.DUMMYFUNCTION("""COMPUTED_VALUE"""),3) -> 3
A29: =IFERROR(__xludf.DUMMYFUNCTION("""COMPUTED_VALUE"""),"136") -> 136 | B29: =IFERROR(__xludf.DUMMYFUNCTION("""COMPUTED_VALUE"""),"L") -> L | C29: =IFERROR(__xludf.DUMMYFUNCTION("""COMPUTED_VALUE"""),3) -> 3
A30: =IFERROR(__xludf.DUMMYFUNCTION("""COMPUTED_VALUE"""),"137") -> 137 | B30: =IFERROR(__xludf.DUMMYFUNCTION("""COMPUTED_VALUE"""),"L") -> L | C30: =IFERROR(__xludf.DUMMYFUNCTION("""COMPUTED_VALUE"""),3) -> 3
A31: =IFERROR(__xludf.DUMMYFUNCTION("""COMPUTED_VALUE"""),"145") -> 145 | B31: =IFERROR(__xludf.DUMMYFUNCTION("""COMPUTED_VALUE"""),"M") -> M | C31: =IFERROR(__xludf.DUMMYFUNCTION("""COMPUTED_VALUE"""),3) -> 3
A32: =IFERROR(__xludf.DUMMYFUNCTION("""COMPUTED_VALUE"""),"154") -> 154 | B32: =IFERROR(__xludf.DUMMYFUNCTION("""COMPUTED_VALUE"""),"XXXL") -> XXXL | C32: =IFERROR(__xludf.DUMMYFUNCTION("""COMPUTED_VALUE"""),3) -> 3
A33: =IFERROR(__xludf.DUMMYFUNCTION("""COMPUTED_VALUE"""),"164") -> 164 | B33: =IFERROR(__xludf.DUMMYFUNCTION("""COMPUTED_VALUE"""),"M") -> M | C33: =IFERROR(__xludf.DUMMYFUNCTION("""COMPUTED_VALUE"""),3) -> 3
A34: =IFERROR(__xludf.DUMMYFUNCTION("""COMPUTED_VALUE"""),"166") -> 166 | B34: =IFERROR(__xludf.DUMMYFUNCTION("""COMPUTED_VALUE"""),"M") -> M | C34: =IFERROR(__xludf.DUMMYFUNCTION("""COMPUTED_VALUE"""),2) -> 2
A35: =IFERROR(__xludf.DUMMYFUNCTION("""COMPUTED_VALUE"""),"174") -> 174 | B35: =IFERROR(__xludf.DUMMYFUNCTION("""COMPUTED_VALUE"""),"M") -> M | C35: =IFERROR(__xludf.DUMMYFUNCTION("""COMPUTED_VALUE"""),3) -> 3
A36: =IFERROR(__xludf.DUMMYFUNCTION("""COMPUTED_VALUE"""),"175") -> 175 | B36: =IFERROR(__xludf.DUMMYFUNCTION("""COMPUTED_VALUE"""),"M") -> M | C36: =IFERROR(__xludf.DUMMYFUNCTION("""COMPUTED_VALUE"""),2) -> 2
A37: =IFERROR(__xludf.DUMMYFUNCTION("""COMPUTED_VALUE"""),"176") -> 176 | B37: =IFERROR(__xludf.DUMMYFUNCTION("""COMPUTED_VALUE"""),"L") -> L | C37: =IFERROR(__xludf.DUMMYFUNCTION("""COMPUTED_VALUE"""),3) -> 3
A38: =IFERROR(__xludf.DUMMYFUNCTION("""COMPUTED_VALUE"""),"177") -> 177 | B38: =IFERROR(__xludf.DUMMYFUNCTION("""COMPUTED_VALUE"""),"M") -> M | C38: =IFERROR(__xludf.DUMMYFUNCTION("""COMPUTED_VALUE"""),2) -> 2
A39: =IFERROR(__xludf.DUMMYFUNCTION("""COMPUTED_VALUE"""),"178") -> 178 | B39: =IFERROR(__xludf.DUMMYFUNCTION("""COMPUTED_VALUE"""),"L") -> L | C39: =IFERROR(__xludf.DUMMYFUNCTION("""COMPUTED_VALUE"""),3) -> 3
A40: =IFERROR(__xludf.DUMMYFUNCTION("""COMPUTED_VALUE"""),"181") -> 181 | B40: =IFERROR(__xludf.DUMMYFUNCTION("""COMPUTED_VALUE"""),"L") -> L | C40: =IFERROR(__xludf.DUMMYFUNCTION("""COMPUTED_VALUE"""),3) -> 3
A41: =IFERROR(__xludf.DUMMYFUNCTION("""COMPUTED_VALUE"""),"182") -> 182 | B41: =IFERROR(__xludf.DUMMYFUNCTION("""COMPUTED_VALUE"""),"L") -> L | C41: =IFERROR(__xludf.DUMMYFUNCTION("""COMPUTED_VALUE"""),3) -> 3
A42: =IFERROR(__xludf.DUMMYFUNCTION("""COMPUTED_VALUE"""),"183") -> 183 | B42: =IFERROR(__xludf.DUMMYFUNCTION("""COMPUTED_VALUE"""),"L") -> L | C42: =IFERROR(__xludf.DUMMYFUNCTION("""COMPUTED_VALUE"""),3) -> 3
A43: =IFERROR(__xludf.DUMMYFUNCTION("""COMPUTED_VALUE"""),"185") -> 185 | B43: =IFERROR(__xludf.DUMMYFUNCTION("""COMPUTED_VALUE"""),"L") -> L | C43: =IFERROR(__xludf.DUMMYFUNCTION("""COMPUTED_VALUE"""),3) -> 3
A44: =IFERROR(__xludf.DUMMYFUNCTION("""COMPUTED_VALUE"""),"186") -> 186 | B44: =IFERROR(__xludf.DUMMYFUNCTION("""COMPUTED_VALUE"""),"M") -> M | C44: =IFERROR(__xludf.DUMMYFUNCTION("""COMPUTED_VALUE"""),2) -> 2
A45: =IFERROR(__xludf.DUMMYFUNCTION("""COMPUTED_VALUE"""),"190") -> 190 | B45: =IFERROR(__xludf.DUMMYFUNCTION("""COMPUTED_VALUE"""),"L") -> L | C45: =IFERROR(__xludf.DUMMYFUNCTION("""COMPUTED_VALUE"""),3) -> 3
A46: =IFERROR(__xludf.DUMMYFUNCTION("""COMPUTED_VALUE"""),"191") -> 191 | B46: =IFERROR(__xludf.DUMMYFUNCTION("""COMPUTED_VALUE"""),"L") -> L | C46: =IFERROR(__xludf.DUMMYFUNCTION("""COMPUTED_VALUE"""),3) -> 3
A47: =IFERROR(__xludf.DUMMYFUNCTION("""COMPUTED_VALUE"""),"195") -> 195 | B47: =IFERROR(__xludf.DUMMYFUNCTION("""COMPUTED_VALUE"""),"M") -> M | C47: =IFERROR(__xludf.DUMMYFUNCTION("""COMPUTED_VALUE"""),2) -> 2
A48: =IFERROR(__xludf.DUMMYFUNCTION("""COMPUTED_VALUE"""),"197") -> 197 | B48: =IFERROR(__xludf.DUMMYFUNCTION("""COMPUTED_VALUE"""),"L") -> L | C48: =IFERROR(__xludf.DUMMYFUNCTION("""COMPUTED_VALUE"""),3) -> 3
A49: =IFERROR(__xludf.DUMMYFUNCTION("""COMPUTED_VALUE"""),"203") -> 203 | B49: =IFERROR(__xludf.DUMMYFUNCTION("""COMPUTED_VALUE"""),"M") -> M | C49: =IFERROR(__xludf.DUMMYFUNCTION("""COMPUTED_VALUE"""),2) -> 2
A50: =IFERROR(__xludf.DUMMYFUNCTION("""COMPUTED_VALUE"""),"210") -> 210 | B50: =IFERROR(__xludf.DUMMYFUNCTION("""COMPUTED_VALUE"""),"M") -> M | C50: =IFERROR(__xludf.DUMMYFUNCTION("""COMPUTED_VALUE"""),3) -> 3
A51: =IFERROR(__xludf.DUMMYFUNCTION("""COMPUTED_VALUE"""),"215") -> 215 | B51: =IFERROR(__xludf.DUMMYFUNCTION("""COMPUTED_VALUE"""),"L") -> L | C51: =IFERROR(__xludf.DUMMYFUNCTION("""COMPUTED_VALUE"""),3) -> 3
A52: =IFERROR(__xludf.DUMMYFUNCTION("""COMPUTED_VALUE"""),"216") -> 216 | B52: =IFERROR(__xludf.DUMMYFUNCTION("""COMPUTED_VALUE"""),"M") -> M | C52: =IFERROR(__xludf.DUMMYFUNCTION("""COMPUTED_VALUE"""),3) -> 3
A53: =IFERROR(__xludf.DUMMYFUNCTION("""COMPUTED_VALUE"""),"227") -> 227 | B53: =IFERROR(__xludf.DUMMYFUNCTION("""COMPUTED_VALUE"""),"S") -> S | C53: =IFERROR(__xludf.DUMMYFUNCTION("""COMPUTED_VALUE"""),3) -> 3
A54: =IFERROR(__xludf.DUMMYFUNCTION("""COMPUTED_VALUE"""),"234") -> 234 | B54: =IFERROR(__xludf.DUMMYFUNCTION("""COMPUTED_VALUE"""),"L") -> L | C54: =IFERROR(__xludf.DUMMYFUNCTION("""COMPUTED_VALUE"""),3) -> 3
A55: =IFERROR(__xludf.DUMMYFUNCTION("""COMPUTED_VALUE"""),"235") -> 235 | B55: =IFERROR(__xludf.DUMMYFUNCTION("""COMPUTED_VALUE"""),"L") -> L | C55: =IFERROR(__xludf.DUMMYFUNCTION("""COMPUTED_VALUE"""),3) -> 3
A56: =IFERROR(__xludf.DUMMYFUNCTION("""COMPUTED_VALUE"""),"236") -> 236 | B56: =IFERROR(__xludf.DUMMYFUNCTION("""COMPUTED_VALUE"""),"L") -> L | C56: =IFERROR(__xludf.DUMMYFUNCTION("""COMPUTED_VALUE"""),3) -> 3
A57: =IFERROR(__xludf.DUMMYFUNCTION("""COMPUTED_VALUE"""),"238") -> 238 | B57: =IFERROR(__xludf.DUMMYFUNCTION("""COMPUTED_VALUE"""),"XXL") -> XXL | C57: =IFERROR(__xludf.DUMMYFUNCTION("""COMPUTED_VALUE"""),2) -> 2
A58: =IFERROR(__xludf.DUMMYFUNCTION("""COMPUTED_VALUE"""),"245") -> 245 | B58: =IFERROR(__xludf.DUMMYFUNCTION("""COMPUTED_VALUE"""),"L") -> L | C58: =IFERROR(__xludf.DUMMYFUNCTION("""COMPUTED_VALUE"""),3) -> 3
A59: =IFERROR(__xludf.DUMMYFUNCTION("""COMPUTED_VALUE"""),"247") -> 247 | B59: =IFERROR(__xludf.DUMMYFUNCTION("""COMPUTED_VALUE"""),"S") -> S | C59: =IFERROR(__xludf.DUMMYFUNCTION("""COMPUTED_VALUE"""),2) -> 2
A60: =IFERROR(__xludf.DUMMYFUNCTION("""COMPUTED_VALUE"""),"251") -> 251 | B60: =IFERROR(__xludf.DUMMYFUNCTION("""COMPUTED_VALUE"""),"L") -> L | C60: =IFERROR(__xludf.DUMMYFUNCTION("""COMPUTED_VALUE"""),3) -> 3
A61: =IFERROR(__xludf.DUMMYFUNCTION("""COMPUTED_VALUE"""),"257") -> 257 | B61: =IFERROR(__xludf.DUMMYFUNCTION("""COMPUTED_VALUE"""),"XXL") -> XXL | C61: =IFERROR(__xludf.DUMMYFUNCTION("""COMPUTED_VALUE"""),2) -> 2
A62: =IFERROR(__xludf.DUMMYFUNCTION("""COMPUTED_VALUE"""),"259") -> 259 | B62: =IFERROR(__xludf.DUMMYFUNCTION("""COMPUTED_VALUE"""),"XS") -> XS | C62: =IFERROR(__xludf.DUMMYFUNCTION("""COMPUTED_VALUE"""),3) -> 3
A63: =IFERROR(__xludf.DUMMYFUNCTION("""COMPUTED_VALUE"""),"263") -> 263 | B63: =IFERROR(__xludf.DUMMYFUNCTION("""COMPUTED_VALUE"""),"L") -> L | C63: =IFERROR(__xludf.DUMMYFUNCTION("""COMPUTED_VALUE"""),3) -> 3
A64: =IFERROR(__xludf.DUMMYFUNCTION("""COMPUTED_VALUE"""),"P003") -> P003 | B64: =IFERROR(__xludf.DUMMYFUNCTION("""COMPUTED_VALUE"""),"L") -> L | C64: =IFERROR(__xludf.DUMMYFUNCTION("""COMPUTED_VALUE"""),3) -> 3
A65: =IFERROR(__xludf.DUMMYFUNCTION("""COMPUTED_VALUE"""),"P003") -> P003 | B65: =IFERROR(__xludf.DUMMYFUNCTION("""COMPUTED_VALUE"""),"XL") -> XL | C65: =IFERROR(__xludf.DUMMYFUNCTION("""COMPUTED_VALUE"""),3) -> 3
A66: =IFERROR(__xludf.DUMMYFUNCTION("""COMPUTED_VALUE"""),"S004") -> S004 | B66: =IFERROR(__xludf.DUMMYFUNCTION("""COMPUTED_VALUE"""),"M") -> M | C66: =IFERROR(__xludf.DUMMYFUNCTION("""COMPUTED_VALUE"""),3) -> 3
A67: =IFERROR(__xludf.DUMMYFUNCTION("""COMPUTED_VALUE"""),"S005") -> S005 | B67: =IFERROR(__xludf.DUMMYFUNCTION("""COMPUTED_VALUE"""),"XL") -> XL | C67: =IFERROR(__xludf.DUMMYFUNCTION("""COMPUTED_VALUE"""),3) -> 3
A68: =IFERROR(__xludf.DUMMYFUNCTION("""COMPUTED_VALUE"""),"P004") -> P004 | B68: =IFERROR(__xludf.DUMMYFUNCTION("""COMPUTED_VALUE"""),"M") -> M | C68: =IFERROR(__xludf.DUMMYFUNCTION("""COMPUTED_VALUE"""),3) -> 3
A69: =IFERROR(__xludf.DUMMYFUNCTION("""COMPUTED_VALUE"""),"S006") -> S006 | B69: =IFERROR(__xludf.DUMMYFUNCTION("""COMPUTED_VALUE"""),"L") -> L | C69: =IFERROR(__xludf.DUMMYFUNCTION("""COMPUTED_VALUE"""),3) -> 3

Sheet AREAS
A1: Area
A2: LYD
A3: PCC
A4: LOG
A5: LN
A6: CAL
A7: SST
A8: TIC
A9: ADM
A10: EXT
A11: PYP
A12: GG
... A15: MTTO

Sheet AREAS DE PROCESO
A1: Area de USO
A2: PROCESO
A3: MTTO
A4: VISITAS
A5: PLANTA EMERGENCIA
A6: EXTERNOS
A7: PIELES
A8: SUBPRODUCTOS

Sheet TALLAS
A1: Talla
A2: M
A3: L
A4: S
A5: XXL
A6: XL
A7: XXXL
A8: XS
A9: S-M-L-XL

Sheet AREAS DE LOCKER
A1: AREAS DE LOCKER
A2: VESTIDOR HOMBRES
A3: ADMINISTRACION
A4: VESTIDOR MUJERES

Sheet LOCKER DISPONIBLES
A1: # LOCKER | B1: AREA | C1: AREAS DE LOCKER
A2: =IFERROR(__xludf.DUMMYFUNCTION("FILTER(LOCKERES!$A:$A,LOCKERES!$D:$D=""LOCKERT DISPONIBLE"")"),16) -> 16 | B2: =IFERROR(__xludf.DUMMYFUNCTION("FILTER(LOCKERES!$B:$B,LOCKERES!$D:$D=""LOCKERT DISPONIBLE"")"),"ADM") -> ADM | C2: =IFERROR(__xludf.DUMMYFUNCTION("FILTER(LOCKERES!$C:$C,LOCKERES!$D:$D=""LOCKERT DISPONIBLE"")"),"ADMINISTRACION") -> ADMINISTRACION
A3: =IFERROR(__xludf.DUMMYFUNCTION("""COMPUTED_VALUE"""),27) -> 27 | B3: =IFERROR(__xludf.DUMMYFUNCTION("""COMPUTED_VALUE"""),"ADM") -> ADM | C3: =IFERROR(__xludf.DUMMYFUNCTION("""COMPUTED_VALUE"""),"ADMINISTRACION") -> ADMINISTRACION
A4: =IFERROR(__xludf.DUMMYFUNCTION("""COMPUTED_VALUE"""),1) -> 1 | B4: =IFERROR(__xludf.DUMMYFUNCTION("""COMPUTED_VALUE"""),"ASUR") -> ASUR | C4: =IFERROR(__xludf.DUMMYFUNCTION("""COMPUTED_VALUE"""),"ADMINISTRACION") -> ADMINISTRACION
A5: =IFERROR(__xludf.DUMMYFUNCTION("""COMPUTED_VALUE"""),5) -> 5 | B5: =IFERROR(__xludf.DUMMYFUNCTION("""COMPUTED_VALUE"""),"ASUR") -> ASUR | C5: =IFERROR(__xludf.DUMMYFUNCTION("""COMPUTED_VALUE"""),"VESTIDOR MUJERES") -> VESTIDOR MUJERES
A6: =IFERROR(__xludf.DUMMYFUNCTION("""COMPUTED_VALUE"""),3) -> 3 | B6: =IFERROR(__xludf.DUMMYFUNCTION("""COMPUTED_VALUE"""),"CAL") -> CAL | C6: =IFERROR(__xludf.DUMMYFUNCTION("""COMPUTED_VALUE"""),"ADMINISTRACION") -> ADMINISTRACION
A7: =IFERROR(__xludf.DUMMYFUNCTION("""COMPUTED_VALUE"""),4) -> 4 | B7: =IFERROR(__xludf.DUMMYFUNCTION("""COMPUTED_VALUE"""),"CAL") -> CAL | C7: =IFERROR(__xludf.DUMMYFUNCTION("""COMPUTED_VALUE"""),"VESTIDOR MUJERES") -> VESTIDOR MUJERES
A8: =IFERROR(__xludf.DUMMYFUNCTION("""COMPUTED_VALUE"""),14) -> 14 | B8: =IFERROR(__xludf.DUMMYFUNCTION("""COMPUTED_VALUE"""),"CAL") -> CAL | C8: =IFERROR(__xludf.DUMMYFUNCTION("""COMPUTED_VALUE"""),"ADMINISTRACION") -> ADMINISTRACION
A9: =IFERROR(__xludf.DUMMYFUNCTION("""COMPUTED_VALUE"""),24) -> 24 | B9: =IFERROR(__xludf.DUMMYFUNCTION("""COMPUTED_VALUE"""),"GG") -> GG | C9: =IFERROR(__xludf.DUMMYFUNCTION("""COMPUTED_VALUE"""),"ADMINISTRACION") -> ADMINISTRACION
A10: =IFERROR(__xludf.DUMMYFUNCTION("""COMPUTED_VALUE"""),"20") -> 20 | B10: =IFERROR(__xludf.DUMMYFUNCTION("""COMPUTED_VALUE"""),"CAL") -> CAL | C10: =IFERROR(__xludf.DUMMYFUNCTION("""COMPUTED_VALUE"""),"VESTIDOR MUJERES") -> VESTIDOR MUJERES
A11: =IFERROR(__xludf.DUMMYFUNCTION("""COMPUTED_VALUE"""),4) -> 4 | B11: =IFERROR(__xludf.DUMMYFUNCTION("""COMPUTED_VALUE"""),"EXT") -> EXT | C11: =IFERROR(__xludf.DUMMYFUNCTION("""COMPUTED_VALUE"""),"ADMINISTRACION") -> ADMINISTRACION
A12: =IFERROR(__xludf.DUMMYFUNCTION("""COMPUTED_VALUE"""),11) -> 11 | B12: =IFERROR(__xludf.DUMMYFUNCTION("""COMPUTED_VALUE"""),"EXT") -> EXT | C12: =IFERROR(__xludf.DUMMYFUNCTION("""COMPUTED_VALUE"""),"ADMINISTRACION") -> ADMINISTRACION
A13: =IFERROR(__xludf.DUMMYFUNCTION("""COMPUTED_VALUE"""),23) -> 23 | B13: =IFERROR(__xludf.DUMMYFUNCTION("""COMPUTED_VALUE"""),"GG") -> GG | C13: =IFERROR(__xludf.DUMMYFUNCTION("""COMPUTED_VALUE"""),"ADMINISTRACION") -> ADMINISTRACION
A14: =IFERROR(__xludf.DUMMYFUNCTION("""COMPUTED_VALUE"""),13) -> 13 | B14: =IFERROR(__xludf.DUMMYFUNCTION("""COMPUTED_VALUE"""),"LN") -> LN | C14: =IFERROR(__xludf.DUMMYFUNCTION("""COMPUTED_VALUE"""),"VESTIDOR HOMBRES") -> VESTIDOR HOMBRES
A15: =IFERROR(__xludf.DUMMYFUNCTION("""COMPUTED_VALUE"""),23) -> 23 | B15: =IFERROR(__xludf.DUMMYFUNCTION("""COMPUTED_VALUE"""),"LN") -> LN | C15: =IFERROR(__xludf.DUMMYFUNCTION("""COMPUTED_VALUE"""),"VESTIDOR HOMBRES") -> VESTIDOR HOMBRES
A16: =IFERROR(__xludf.DUMMYFUNCTION("""COMPUTED_VALUE"""),54) -> 54 | B16: =IFERROR(__xludf.DUMMYFUNCTION("""COMPUTED_VALUE"""),"LN") -> LN | C16: =IFERROR(__xludf.DUMMYFUNCTION("""COMPUTED_VALUE"""),"VESTIDOR HOMBRES") -> VESTIDOR HOMBRES
A17: =IFERROR(__xludf.DUMMYFUNCTION("""COMPUTED_VALUE"""),59) -> 59 | B17: =IFERROR(__xludf.DUMMYFUNCTION("""COMPUTED_VALUE"""),"LN") -> LN | C17: =IFERROR(__xludf.DUMMYFUNCTION("""COMPUTED_VALUE"""),"VESTIDOR HOMBRES") -> VESTIDOR HOMBRES
A18: =IFERROR(__xludf.DUMMYFUNCTION("""COMPUTED_VALUE"""),60) -> 60 | B18: =IFERROR(__xludf.DUMMYFUNCTION("""COMPUTED_VALUE"""),"LN") -> LN | C18: =IFERROR(__xludf.DUMMYFUNCTION("""COMPUTED_VALUE"""),"VESTIDOR HOMBRES") -> VESTIDOR HOMBRES
A19: =IFERROR(__xludf.DUMMYFUNCTION("""COMPUTED_VALUE"""),61) -> 61 | B19: =IFERROR(__xludf.DUMMYFUNCTION("""COMPUTED_VALUE"""),"LN") -> LN | C19: =IFERROR(__xludf.DUMMYFUNCTION("""COMPUTED_VALUE"""),"VESTIDOR HOMBRES") -> VESTIDOR HOMBRES
A20: =IFERROR(__xludf.DUMMYFUNCTION("""COMPUTED_VALUE"""),62) -> 62 | B20: =IFERROR(__xludf.DUMMYFUNCTION("""COMPUTED_VALUE"""),"LN") -> LN | C20: =IFERROR(__xludf.DUMMYFUNCTION("""COMPUTED_VALUE"""),"VESTIDOR HOMBRES") -> VESTIDOR HOMBRES
A21: =IFERROR(__xludf.DUMMYFUNCTION("""COMPUTED_VALUE"""),63) -> 63 | B21: =IFERROR(__xludf.DUMMYFUNCTION("""COMPUTED_VALUE"""),"LN") -> LN | C21: =IFERROR(__xludf.DUMMYFUNCTION("""COMPUTED_VALUE"""),"VESTIDOR HOMBRES") -> VESTIDOR HOMBRES
A22: =IFERROR(__xludf.DUMMYFUNCTION("""COMPUTED_VALUE"""),1) -> 1 | B22: =IFERROR(__xludf.DUMMYFUNCTION("""COMPUTED_VALUE"""),"LOG") -> LOG | C22: =IFERROR(__xludf.DUMMYFUNCTION("""COMPUTED_VALUE"""),"VESTIDOR HOMBRES") -> VESTIDOR HOMBRES
A23: =IFERROR(__xludf.DUMMYFUNCTION("""COMPUTED_VALUE"""),7) -> 7 | B23: =IFERROR(__xludf.DUMMYFUNCTION("""COMPUTED_VALUE"""),"LOG") -> LOG | C23: =IFERROR(__xludf.DUMMYFUNCTION("""COMPUTED_VALUE"""),"ADMINISTRACION") -> ADMINISTRACION
A24: =IFERROR(__xludf.DUMMYFUNCTION("""COMPUTED_VALUE"""),17) -> 17 | B24: =IFERROR(__xludf.DUMMYFUNCTION("""COMPUTED_VALUE"""),"LOG") -> LOG | C24: =IFERROR(__xludf.DUMMYFUNCTION("""COMPUTED_VALUE"""),"VESTIDOR HOMBRES") -> VESTIDOR HOMBRES
A25: =IFERROR(__xludf.DUMMYFUNCTION("""COMPUTED_VALUE"""),24) -> 24 | B25: =IFERROR(__xludf.DUMMYFUNCTION("""COMPUTED_VALUE"""),"LOG") -> LOG | C25: =IFERROR(__xludf.DUMMYFUNCTION("""COMPUTED_VALUE"""),"VESTIDOR MUJERES") -> VESTIDOR MUJERES
A26: =IFERROR(__xludf.DUMMYFUNCTION("""COMPUTED_VALUE"""),11) -> 11 | B26: =IFERROR(__xludf.DUMMYFUNCTION("""COMPUTED_VALUE"""),"LYD") -> LYD | C26: =IFERROR(__xludf.DUMMYFUNCTION("""COMPUTED_VALUE"""),"VESTIDOR MUJERES") -> VESTIDOR MUJERES
A27: =IFERROR(__xludf.DUMMYFUNCTION("""COMPUTED_VALUE"""),17) -> 17 | B27: =IFERROR(__xludf.DUMMYFUNCTION("""COMPUTED_VALUE"""),"LYD") -> LYD | C27: =IFERROR(__xludf.DUMMYFUNCTION("""COMPUTED_VALUE"""),"ADMINISTRACION") -> ADMINISTRACION
A28: =IFERROR(__xludf.DUMMYFUNCTION("""COMPUTED_VALUE"""),19) -> 19 | B28: =IFERROR(__xludf.DUMMYFUNCTION("""COMPUTED_VALUE"""),"LYD") -> LYD | C28: =IFERROR(__xludf.DUMMYFUNCTION("""COMPUTED_VALUE"""),"VESTIDOR HOMBRES") -> VESTIDOR HOMBRES
A29: =IFERROR(__xludf.DUMMYFUNCTION("""COMPUTED_VALUE"""),22) -> 22 | B29: =IFERROR(__xludf.DUMMYFUNCTION("""COMPUTED_VALUE"""),"LYD") -> LYD | C29: =IFERROR(__xludf.DUMMYFUNCTION("""COMPUTED_VALUE"""),"VESTIDOR HOMBRES") -> VESTIDOR HOMBRES
A30: =IFERROR(__xludf.DUMMYFUNCTION("""COMPUTED_VALUE"""),5) -> 5 | B30: =IFERROR(__xludf.DUMMYFUNCTION("""COMPUTED_VALUE"""),"PCC") -> PCC | C30: =IFERROR(__xludf.DUMMYFUNCTION("""COMPUTED_VALUE"""),"VESTIDOR HOMBRES") -> VESTIDOR HOMBRES
A31: =IFERROR(__xludf.DUMMYFUNCTION("""COMPUTED_VALUE"""),6) -> 6 | B31: =IFERROR(__xludf.DUMMYFUNCTION("""COMPUTED_VALUE"""),"PCC") -> PCC | C31: =IFERROR(__xludf.DUMMYFUNCTION("""COMPUTED_VALUE"""),"VESTIDOR MUJERES") -> VESTIDOR MUJERES
A32: =IFERROR(__xludf.DUMMYFUNCTION("""COMPUTED_VALUE"""),7) -> 7 | B32: =IFERROR(__xludf.DUMMYFUNCTION("""COMPUTED_VALUE"""),"PCC") -> PCC | C32: =IFERROR(__xludf.DUMMYFUNCTION("""COMPUTED_VALUE"""),"VESTIDOR HOMBRES") -> VESTIDOR HOMBRES
A33: =IFERROR(__xludf.DUMMYFUNCTION("""COMPUTED_VALUE"""),10) -> 10 | B33: =IFERROR(__xludf.DUMMYFUNCTION("""COMPUTED_VALUE"""),"PCC") -> PCC | C33: =IFERROR(__xludf.DUMMYFUNCTION("""COMPUTED_VALUE"""),"VESTIDOR HOMBRES") -> VESTIDOR HOMBRES
A34: =IFERROR(__xludf.DUMMYFUNCTION("""COMPUTED_VALUE"""),18) -> 18 | B34: =IFERROR(__xludf.DUMMYFUNCTION("""COMPUTED_VALUE"""),"PCC") -> PCC | C34: =IFERROR(__xludf.DUMMYFUNCTION("""COMPUTED_VALUE"""),"ADMINISTRACION") -> ADMINISTRACION
A35: =IFERROR(__xludf.DUMMYFUNCTION("""COMPUTED_VALUE"""),26) -> 26 | B35: =IFERROR(__xludf.DUMMYFUNCTION("""COMPUTED_VALUE"""),"PCC") -> PCC | C35: =IFERROR(__xludf.DUMMYFUNCTION("""COMPUTED_VALUE"""),"VESTIDOR HOMBRES") -> VESTIDOR HOMBRES
A36: =IFERROR(__xludf.DUMMYFUNCTION("""COMPUTED_VALUE"""),51) -> 51 | B36: =IFERROR(__xludf.DUMMYFUNCTION("""COMPUTED_VALUE"""),"PCC") -> PCC | C36: =IFERROR(__xludf.DUMMYFUNCTION("""COMPUTED_VALUE"""),"VESTIDOR HOMBRES") -> VESTIDOR HOMBRES
A37: =IFERROR(__xludf.DUMMYFUNCTION("""COMPUTED_VALUE"""),52) -> 52 | B37: =IFERROR(__xludf.DUMMYFUNCTION("""COMPUTED_VALUE"""),"PCC") -> PCC | C37: =IFERROR(__xludf.DUMMYFUNCTION("""COMPUTED_VALUE"""),"VESTIDOR HOMBRES") -> VESTIDOR HOMBRES
A38: =IFERROR(__xludf.DUMMYFUNCTION("""COMPUTED_VALUE"""),55) -> 55 | B38: =IFERROR(__xludf.DUMMYFUNCTION("""COMPUTED_VALUE"""),"PCC") -> PCC | C38: =IFERROR(__xludf.DUMMYFUNCTION("""COMPUTED_VALUE"""),"VESTIDOR HOMBRES") -> VESTIDOR HOMBRES
A39: =IFERROR(__xludf.DUMMYFUNCTION("""COMPUTED_VALUE"""),57) -> 57 | B39: =IFERROR(__xludf.DUMMYFUNCTION("""COMPUTED_VALUE"""),"PCC") -> PCC | C39: =IFERROR(__xludf.DUMMYFUNCTION("""COMPUTED_VALUE"""),"VESTIDOR HOMBRES") -> VESTIDOR HOMBRES
A40: =IFERROR(__xludf.DUMMYFUNCTION("""COMPUTED_VALUE"""),2) -> 2 | B40: =IFERROR(__xludf.DUMMYFUNCTION("""COMPUTED_VALUE"""),"SEG") -> SEG | C40: =IFERROR(__xludf.DUMMYFUNCTION("""COMPUTED_VALUE"""),"ADMINISTRACION") -> ADMINISTRACION
A41: =IFERROR(__xludf.DUMMYFUNCTION("""COMPUTED_VALUE"""),7) -> 7 | B41: =IFERROR(__xludf.DUMMYFUNCTION("""COMPUTED_VALUE"""),"SST") -> SST | C41: =IFERROR(__xludf.DUMMYFUNCTION("""COMPUTED_VALUE"""),"VESTIDOR MUJERES") -> VESTIDOR MUJERES
A42: =IFERROR(__xludf.DUMMYFUNCTION("""COMPUTED_VALUE"""),10) -> 10 | B42: =IFERROR(__xludf.DUMMYFUNCTION("""COMPUTED_VALUE"""),"SST") -> SST | C42: =IFERROR(__xludf.DUMMYFUNCTION("""COMPUTED_VALUE"""),"VESTIDOR MUJERES") -> VESTIDOR MUJERES
A43: =IFERROR(__xludf.DUMMYFUNCTION("""COMPUTED_VALUE"""),12) -> 12 | B43: =IFERROR(__xludf.DUMMYFUNCTION("""COMPUTED_VALUE"""),"SST") -> SST | C43: =IFERROR(__xludf.DUMMYFUNCTION("""COMPUTED_VALUE"""),"ADMINISTRACION") -> ADMINISTRACION
A44: =IFERROR(__xludf.DUMMYFUNCTION("""COMPUTED_VALUE"""),8) -> 8 | B44: =IFERROR(__xludf.DUMMYFUNCTION("""COMPUTED_VALUE"""),"TIC") -> TIC | C44: =IFERROR(__xludf.DUMMYFUNCTION("""COMPUTED_VALUE"""),"ADMINISTRACION") -> ADMINISTRACION

Sheet SECA BOTAS DISPONIBLES
A1: CODIGO | B1: AREA | C1: AREAS DE SECA BOTAS
A2: =IFERROR(__xludf.DUMMYFUNCTION("FILTER('SECA BOTAS'!A:A,'SECA BOTAS'!C:C=""CODIGO DISPONIBLE"")"),"39 PCC") -> 39 PCC | B2: =IFERROR(__xludf.DUMMYFUNCTION("FILTER('SECA BOTAS'!A:A,'SECA BOTAS'!C:C=""CODIGO DISPONIBLE"")"),"#REF!") -> #REF! | C2: =IFERROR(__xludf.DUMMYFUNCTION("FILTER('SECA BOTAS'!B:B,'SECA BOTAS'!C:C=""CODIGO DISPONIBLE"")"),"VESTIDOR HOMBRES") -> VESTIDOR HOMBRES
A3: =IFERROR(__xludf.DUMMYFUNCTION("""COMPUTED_VALUE"""),"54 PCC") -> 54 PCC | C3: =IFERROR(__xludf.DUMMYFUNCTION("""COMPUTED_VALUE"""),"VESTIDOR HOMBRES") -> VESTIDOR HOMBRES
A4: =IFERROR(__xludf.DUMMYFUNCTION("""COMPUTED_VALUE"""),"55 PCC") -> 55 PCC | C4: =IFERROR(__xludf.DUMMYFUNCTION("""COMPUTED_VALUE"""),"VESTIDOR HOMBRES") -> VESTIDOR HOMBRES
A5: =IFERROR(__xludf.DUMMYFUNCTION("""COMPUTED_VALUE"""),"35 LN") -> 35 LN | C5: =IFERROR(__xludf.DUMMYFUNCTION("""COMPUTED_VALUE"""),"VESTIDOR HOMBRES") -> VESTIDOR HOMBRES
A6: =IFERROR(__xludf.DUMMYFUNCTION("""COMPUTED_VALUE"""),"5 MUJ") -> 5 MUJ | C6: =IFERROR(__xludf.DUMMYFUNCTION("""COMPUTED_VALUE"""),"VESTIDOR MUJERES") -> VESTIDOR MUJERES
A7: =IFERROR(__xludf.DUMMYFUNCTION("""COMPUTED_VALUE"""),"8 LOG") -> 8 LOG | C7: =IFERROR(__xludf.DUMMYFUNCTION("""COMPUTED_VALUE"""),"VESTIDOR HOMBRES") -> VESTIDOR HOMBRES
A8: =IFERROR(__xludf.DUMMYFUNCTION("""COMPUTED_VALUE"""),"23 LOG") -> 23 LOG | C8: =IFERROR(__xludf.DUMMYFUNCTION("""COMPUTED_VALUE"""),"VESTIDOR HOMBRES") -> VESTIDOR HOMBRES
A9: =IFERROR(__xludf.DUMMYFUNCTION("""COMPUTED_VALUE"""),"10 ADM") -> 10 ADM | B9: 1 | C9: =IFERROR(__xludf.DUMMYFUNCTION("""COMPUTED_VALUE"""),"ADMINISTRACION") -> ADMINISTRACION
A10: =IFERROR(__xludf.DUMMYFUNCTION("""COMPUTED_VALUE"""),"11 ADM") -> 11 ADM | C10: =IFERROR(__xludf.DUMMYFUNCTION("""COMPUTED_VALUE"""),"ADMINISTRACION") -> ADMINISTRACION
A11: =IFERROR(__xludf.DUMMYFUNCTION("""COMPUTED_VALUE"""),"17 ADM") -> 17 ADM | C11: =IFERROR(__xludf.DUMMYFUNCTION("""COMPUTED_VALUE"""),"ADMINISTRACION") -> ADMINISTRACION
A12: =IFERROR(__xludf.DUMMYFUNCTION("""COMPUTED_VALUE"""),"18 ADM") -> 18 ADM | C12: =IFERROR(__xludf.DUMMYFUNCTION("""COMPUTED_VALUE"""),"ADMINISTRACION") -> ADMINISTRACION
A13: =IFERROR(__xludf.DUMMYFUNCTION("""COMPUTED_VALUE"""),"7 MUJ") -> 7 MUJ | C13: =IFERROR(__xludf.DUMMYFUNCTION("""COMPUTED_VALUE"""),"VESTIDOR MUJERES") -> VESTIDOR MUJERES
A14: =IFERROR(__xludf.DUMMYFUNCTION("""COMPUTED_VALUE"""),"8 MUJ") -> 8 MUJ | C14: =IFERROR(__xludf.DUMMYFUNCTION("""COMPUTED_VALUE"""),"VESTIDOR MUJERES") -> VESTIDOR MUJERES
A15: =IFERROR(__xludf.DUMMYFUNCTION("""COMPUTED_VALUE"""),"12 MUJ") -> 12 MUJ | C15: =IFERROR(__xludf.DUMMYFUNCTION("""COMPUTED_VALUE"""),"VESTIDOR MUJERES") -> VESTIDOR MUJERES
A16: =IFERROR(__xludf.DUMMYFUNCTION("""COMPUTED_VALUE"""),"13 MUJ") -> 13 MUJ | C16: =IFERROR(__xludf.DUMMYFUNCTION("""COMPUTED_VALUE"""),"VESTIDOR MUJERES") -> VESTIDOR MUJERES
A17: =IFERROR(__xludf.DUMMYFUNCTION("""COMPUTED_VALUE"""),"14 MUJ") -> 14 MUJ | C17: =IFERROR(__xludf.DUMMYFUNCTION("""COMPUTED_VALUE"""),"VESTIDOR MUJERES") -> VESTIDOR MUJERES
A18: =IFERROR(__xludf.DUMMYFUNCTION("""COMPUTED_VALUE"""),"15 MUJ") -> 15 MUJ | C18: =IFERROR(__xludf.DUMMYFUNCTION("""COMPUTED_VALUE"""),"VESTIDOR MUJERES") -> VESTIDOR MUJERES

Sheet PERSONAL PRESUPUESTADO
A1: AREA | B1: APROBADOS | C1: CONTRATADOS | D1: POR CONTRATAR
A2: LYD | B2: 18 | C2: =COUNTIF(ASIGNACIONES!H:H,A2) -> 22 | D2: =C2-B2 -> 4
A3: PCC | B3: 56 | C3: =COUNTIF(ASIGNACIONES!H:H,A3) -> 53 | D3: =C3-B3 -> -3
A4: LOG | B4: 28 | C4: =COUNTIF(ASIGNACIONES!H:H,A4) -> 28 | D4: =C4-B4 -> 0
A5: LN | B5: 59 | C5: =COUNTIF(ASIGNACIONES!H:H,A5) -> 59 | D5: =C5-B5 -> 0
A6: CAL | B6: 13 | C6: =COUNTIF(ASIGNACIONES!H:H,A6) -> 14 | D6: =C6-B6 -> 1
